customer_id,actual_ltv,predicted_ltv,prediction_error,prediction_error_pct,segment,cluster
1,183.41655555555553,237.54889928561926,-54.132343730063724,-29.513335677960345,Regular,0
2,656.6998888888891,516.1770479510728,140.52284093781623,21.39833481250857,Regular,0
3,633.7312499999999,997.0155133504278,-363.28426335042786,-57.32465668221788,High-Value,0
4,332.2473333333334,258.94414159081094,73.30319174252247,22.0628382497745,Regular,1
5,234.49222222222227,510.9739720959437,-276.4817498737214,-117.90657585721831,At-Risk,0
6,46.70377777777777,1072.1298125821745,-1025.4260348043967,-2195.595481983273,At-Risk,0
7,174.324,75.66966147837013,98.65433852162988,56.59251653336883,Lost,1
8,154.57344444444445,658.3549710218077,-503.78152657736325,-325.9172546668768,Loyal,0
9,1726.2796666666666,1458.8984416344697,267.3812250321969,15.488870673457713,High-Value,0
10,1395.9120833333334,617.2892469651118,778.6228363682216,55.77878762313803,Regular,0
11,0.0,-46.88771737216422,46.88771737216422,inf,Lost,1
12,0.0,45.50635842660455,-45.50635842660455,-inf,Lost,1
13,0.0,-117.47778490936713,117.47778490936713,inf,Lost,1
14,0.0,-12.060067133428731,12.060067133428731,inf,Lost,1
15,142.1958888888889,313.57120225606684,-171.37531336717794,-120.52058235037279,New,1
16,0.0,87.64008100478543,-87.64008100478543,-inf,Lost,1
17,15.038,25.056246254616156,-10.018246254616155,-66.61953886564805,Regular,1
18,0.0,-117.90177267430414,117.90177267430414,inf,Lost,1
19,602.442638888889,705.4819040561497,-103.03926516726074,-17.10358107409205,Loyal,0
20,437.65122222222226,333.8439477695862,103.80727445263608,23.719178464884255,At-Risk,0
21,46.452333333333335,280.00364549259916,-233.55131215926582,-502.77627709967743,New,1
22,921.0166666666667,647.8157816820635,273.20088498460314,29.662968638056114,Regular,0
23,690.6124444444445,273.03067706047455,417.5817673839699,60.465427569856345,Regular,1
24,707.8323333333333,393.2566256630489,314.5757076702844,44.44212179300715,Regular,0
25,768.5784722222221,998.8441170951376,-230.26564487291546,-29.959939446018968,High-Value,0
26,220.77633333333335,131.41238183351845,89.3639514998149,40.47714270391975,Lost,1
27,0.0,-157.90234235896384,157.90234235896384,inf,Lost,1
28,397.5742222222222,555.3948235265029,-157.82060130428073,-39.69588380809751,Regular,0
29,382.958,212.83466189888588,170.12333810111414,44.42349764233,Lost,1
30,325.5394444444444,133.94508287344644,191.594361570998,58.85442297106792,Regular,1
31,319.0343333333333,209.7070311200497,109.32730221328359,34.268193354304685,Lost,1
32,13.667222222222222,-34.48196592178857,48.14918814401079,352.2968117524468,Lost,1
33,0.0,-126.70392120550076,126.70392120550076,inf,Lost,1
34,555.5381111111112,313.0028218858842,242.53528922522702,43.657722913040324,Regular,0
35,638.4580000000001,135.21066566915766,503.2473343308424,78.8223084887091,Lost,1
36,1021.3105555555554,1111.7383566458955,-90.42780109034004,-8.854094437626824,High-Value,0
37,1721.3805555555557,851.3200543222886,870.0605012332671,50.544343516908455,High-Value,0
38,686.1513333333332,905.2182899580912,-219.06695662475795,-31.926915533418477,Loyal,0
39,751.1943333333334,498.50357951399695,252.6907538193364,33.638533014227086,Regular,0
40,654.1286666666666,462.8333634081668,191.2953032584998,29.24429290544773,Regular,0
41,0.0,-18.701505621963918,18.701505621963918,inf,Lost,1
42,225.862,727.6463310130722,-501.78433101307223,-222.16412278872596,Regular,0
43,196.75122222222222,128.92987208138862,67.8213501408336,34.47061185939279,Lost,1
44,0.0,-42.798056907647094,42.798056907647094,inf,Lost,1
45,122.99688888888892,681.6984418546635,-558.7015529657747,-454.2403942188213,High-Value,0
46,117.3028888888889,757.7340087641694,-640.4311198752805,-545.9636381861889,High-Value,0
47,671.3810000000001,515.0857152922034,156.29528470779667,23.27967051611479,Regular,0
48,121.17188888888887,485.5577830176093,-364.38589412872045,-300.71817603078864,At-Risk,0
49,157.096,214.76100081120427,-57.665000811204266,-36.70685492387092,Regular,1
50,246.69944444444442,277.88728008725116,-31.187835642806732,-12.642037242134968,New,1
51,0.0,28.36713550138785,-28.36713550138785,-inf,Lost,1
52,56.737222222222215,257.72486812555763,-200.98764590333542,-354.24301372409235,New,1
53,179.82333333333332,554.1884098734157,-374.3650765400824,-208.18492772911324,Regular,0
54,891.0704444444444,1202.9127043057028,-311.8422598612584,-34.99636440704558,High-Value,0
55,0.0,13.291052662581762,-13.291052662581762,-inf,Lost,1
56,44.53811111111111,42.37766291378745,2.1604481973236602,4.850785413718824,Lost,1
57,0.0,40.95262112849514,-40.95262112849514,-inf,Lost,1
58,1431.4245555555556,925.4033048207724,506.02125073478317,35.350885156388095,Regular,0
59,856.5637499999998,476.7410665604146,379.8226834395852,44.34260537404079,Promising,0
60,985.4513333333333,685.1158575825555,300.33547575077785,30.476946510882442,At-Risk,0
61,1535.4738888888887,680.1406868415254,855.3332020473633,55.704835376022324,Loyal,0
62,692.551,422.4224251793572,270.1285748206428,39.004863875821826,Regular,1
63,322.14900000000006,787.4466021092743,-465.29760210927424,-144.43552583098943,At-Risk,0
64,0.0,46.90807644465923,-46.90807644465923,-inf,Lost,1
65,50.31322222222222,660.8544546468888,-610.5412324246666,-1213.4806825292226,Regular,0
66,2497.4719444444445,1437.3478410993382,1060.1241033451063,42.44788838182236,High-Value,0
67,1241.0,598.9855858986156,642.0144141013844,51.73363530228722,Regular,1
68,442.6801111111111,754.1545718050911,-311.47446069398,-70.36106951184013,Regular,0
69,105.43633333333335,131.58058295054207,-26.144249617208715,-24.796243183604048,Regular,1
70,2175.3087499999997,1237.2143160528228,938.0944339471769,43.12465685375361,High-Value,0
71,8.111111111111112,430.63630878374244,-422.52519767263135,-5209.214765826961,New,1
72,719.2527777777777,418.07061628704207,301.18216149073567,41.874313286808004,Regular,1
73,809.9025555555555,1417.565516631687,-607.6629610761314,-75.02914479128947,Loyal,0
74,269.61333333333334,277.4202106962145,-7.806877362881153,-2.8955828209093837,Promising,0
75,724.1681111111111,509.2994288860882,214.8686822250229,29.671105221043764,Regular,1
76,521.001,421.1081622002846,99.89283779971538,19.173252604067052,New,1
77,75.09266666666666,65.73188360329425,9.36078306337241,12.46564209115725,Regular,1
78,461.29511111111117,407.70327196993645,53.59183914117472,11.61769068223794,Regular,0
79,127.57966666666667,409.0006276405828,-281.4209609739162,-220.58449306753388,Regular,0
80,733.5932222222223,760.6103910971258,-27.01716887490352,-3.6828542108203117,High-Value,0
81,627.6945555555556,299.9616461688987,327.73290938665684,52.21216378029426,Regular,1
82,0.0,-113.28339380968981,113.28339380968981,inf,Lost,1
83,158.39377777777779,-36.433025341248424,194.8268031190262,123.00155085155112,Lost,1
84,0.0,126.86713543314471,-126.86713543314471,-inf,Lost,1
85,1415.5206944444446,785.1866941731671,630.3340002712775,44.53018615306556,High-Value,0
86,114.00977777777778,457.57474290169955,-343.56496512392175,-301.34692990418904,Regular,0
87,0.0,142.33822086107511,-142.33822086107511,-inf,Regular,1
88,207.49033333333333,99.68879991754909,107.80153341578423,51.954966616493415,Lost,1
89,2007.4493055555556,1145.8216276149374,861.6276779406182,42.92151615266645,High-Value,0
90,1146.8806944444443,515.1784622714642,631.7022321729801,55.080030140273685,High-Value,0
91,1833.5876388888887,1589.2584224269165,244.32921646197224,13.325199803922654,High-Value,0
92,507.15533333333326,403.11489432985104,104.04043900348222,20.51451146528721,New,1
93,0.0,-8.44036964190201,8.44036964190201,inf,Lost,1
94,421.63177777777776,170.62616738964715,251.0056103881306,59.531947926473386,Regular,1
95,222.14711111111112,430.56258767829934,-208.41547656718822,-93.81867516744128,Regular,1
96,397.0388888888889,238.45226390299638,158.5866249858925,39.942340517246635,Regular,1
97,0.0,-21.153818745808792,21.153818745808792,inf,Lost,1
98,0.0,-55.883536622052645,55.883536622052645,inf,Lost,1
99,39.65522222222222,212.8360613366624,-173.18083911444018,-436.7163501038007,New,1
100,0.0,31.06704456819142,-31.06704456819142,-inf,Lost,1
101,724.1599999999999,325.9263262406866,398.23367375931326,54.992498033488914,At-Risk,0
102,468.6762222222222,598.725630272237,-130.04940805001485,-27.748241084940744,At-Risk,0
103,301.61977777777776,243.53260277215526,58.0871750056225,19.258410517237028,Regular,1
104,433.9343055555555,1132.7387715438558,-698.8044659883003,-161.0392303723574,High-Value,0
105,816.8375555555556,847.7887450148895,-30.951189459333932,-3.7891486806434975,High-Value,0
106,459.58366666666666,468.71824033479714,-9.134573668130486,-1.9875757844883855,Regular,0
107,2031.8333333333333,1527.3514100244797,504.48192330885354,24.82890279594062,High-Value,0
108,0.0,-42.78914392263101,42.78914392263101,inf,Lost,1
109,380.2488888888889,351.77445912993323,28.474429758955694,7.488366328211966,Regular,1
110,0.0,-50.85533771295326,50.85533771295326,inf,Lost,1
111,1428.812777777778,1542.0053213391243,-113.19254356134638,-7.922139647812636,High-Value,0
112,324.8256666666667,233.41539883669714,91.41026782996954,28.14133155424998,Lost,1
113,414.1533333333334,313.0873106738931,101.0660226594403,24.40304460331285,Regular,1
114,434.9745555555555,544.7441292767339,-109.7695737211784,-25.235860884087618,Regular,0
115,165.46666666666667,183.1044059425738,-17.637739275907137,-10.659391182055078,Regular,1
116,680.8466666666667,498.52198667010055,182.32467999656615,26.779110322916488,Regular,0
117,0.0,99.50525273727192,-99.50525273727192,-inf,Lost,1
118,720.3639999999999,584.2333655191503,136.1306344808496,18.89747884137042,Regular,0
119,377.7668888888889,29.130488856046668,348.63640003284223,92.28876597900704,Lost,1
120,306.49455555555556,340.3982518912344,-33.90369633567883,-11.061761366111252,Regular,1
121,547.9866666666666,357.8410363078254,190.14563035884117,34.69895198645488,Regular,0
122,516.4182222222223,489.4250824617888,26.993139760433507,5.226992115862628,At-Risk,0
123,1104.21625,696.6864531345441,407.52979686545586,36.90670164159021,High-Value,0
124,604.8293333333332,627.8181450241067,-22.988811690773446,-3.8008757882289848,Regular,0
125,569.473,397.55153360297686,171.9214663970231,30.189572885285713,At-Risk,0
126,837.1579166666667,878.4408073874217,-41.28289072075506,-4.931314618051062,High-Value,0
127,902.0265277777778,773.5022227090783,128.5243050686995,14.248395264530691,High-Value,0
128,1229.904,858.221295851183,371.68270414881704,30.220464698774624,At-Risk,0
129,1834.6015277777776,1142.0138263516662,692.5877014261114,37.75139674417645,High-Value,0
130,742.5113888888889,896.8034731635319,-154.292084274643,-20.779759958366327,High-Value,0
131,432.6953333333334,232.4320093486034,200.26332398473,46.28275568446081,Regular,0
132,352.5737777777778,1068.736515040978,-716.1627372632001,-203.12422034816984,High-Value,0
133,1147.083472222222,997.6627575667819,149.42071465544018,13.02614136406049,High-Value,0
134,95.849,336.56332323257055,-240.71432323257056,-251.1391075885722,Regular,1
135,1131.7534722222222,711.7397333557057,420.0137388665165,37.11176940697258,High-Value,0
136,1090.903888888889,747.3774942556183,343.5263946332707,31.490069669030174,High-Value,0
137,435.31522222222225,371.4386359215679,63.87658630065437,14.673639477749823,Regular,1
138,291.52955555555553,314.28794742980824,-22.75839187425271,-7.80654703461644,At-Risk,0
139,65.42422222222221,-18.85569308490375,84.27991530712596,128.82066067343962,Lost,1
140,0.0,-133.25131028446282,133.25131028446282,inf,Lost,1
141,96.25455555555556,434.22581759236283,-337.9712620368073,-351.122354766616,Regular,0
142,250.4873333333333,658.2115810061297,-407.72424767279637,-162.77240140132025,At-Risk,0
143,322.514,574.5910835174321,-252.07708351743213,-78.16004375544384,Loyal,0
144,349.92955555555557,870.1860038149769,-520.2564482594213,-148.67462322050824,Loyal,0
145,903.6670000000003,875.0799091657366,28.587090834263677,3.1634541080136453,High-Value,0
146,0.0,-63.9078213324064,63.9078213324064,inf,Lost,1
147,1371.288777777778,1863.81886203461,-492.53008425683197,-35.917313131884185,At-Risk,0
148,0.0,-14.76900713399317,14.76900713399317,inf,Lost,1
149,0.0,-71.41104637712391,71.41104637712391,inf,Lost,1
150,307.0623333333333,412.3555447831603,-105.29321144982703,-34.290500663761115,New,1
151,284.5945555555556,343.19370059342117,-58.59914503786558,-20.590395667785874,Promising,0
152,442.8098888888889,193.08893973694614,249.72094915194276,56.39461886873159,Lost,1
153,0.0,20.421613580829842,-20.421613580829842,-inf,Lost,1
154,460.43533333333335,365.72092104805205,94.7144122852813,20.570622067510307,Regular,1
155,1846.4031944444446,1187.591658398694,658.8115360457505,35.680805689029214,Loyal,0
156,611.4317777777777,339.9487903501122,271.48298742766553,44.40119033628881,Regular,0
157,31.503555555555558,137.71404748750712,-106.21049193195157,-337.1381104734436,Regular,1
158,631.896111111111,604.2164220344399,27.67968907667114,4.3804176968267505,Loyal,0
159,51.63533333333333,310.32320497507266,-258.6878716417393,-500.99002938893136,New,1
160,0.0,-74.66494198538766,74.66494198538766,inf,Lost,1
161,850.1356944444444,1154.218562525551,-304.08286808110665,-35.7687449272227,High-Value,0
162,25.314777777777778,-21.083127882469796,46.397905660247574,183.2838750059158,Lost,1
163,0.0,173.4328783757581,-173.4328783757581,-inf,Lost,1
164,0.0,26.33183602217582,-26.33183602217582,-inf,Lost,1
165,34.309999999999995,-0.24063620995565316,34.55063620995565,100.70135881654227,Lost,1
166,227.3301111111111,354.5183217339778,-127.1882106228667,-55.948686252434676,New,1
167,65.8378888888889,160.6777833258348,-94.83989443694591,-144.05063108418034,Lost,1
168,146.77866666666668,461.1675122883009,-314.38884562163423,-214.19246594984344,New,1
169,2129.744583333333,1401.8596161817313,727.8849671516018,34.177101463141895,High-Value,0
170,8.378777777777778,429.3987981509764,-421.02002037319863,-5024.838127224586,New,1
171,248.8732222222222,195.6179895735881,53.25523264863412,21.398538650768067,New,1
172,834.8969444444442,1793.7637144204355,-958.8667699759912,-114.84851829396008,High-Value,0
173,137.95377777777776,209.95662989019883,-72.00285211242107,-52.193461659604964,Regular,1
174,918.3237777777779,1010.6785255499789,-92.354747772201,-10.056882986922899,At-Risk,0
175,1248.7156944444444,1055.9905132188844,192.72518122555994,15.433871944029956,Loyal,0
176,0.0,102.88062255817368,-102.88062255817368,-inf,Regular,1
177,0.0,-119.92167516024637,119.92167516024637,inf,Lost,1
178,920.0129166666667,661.3251623480865,258.68775431858023,28.117839394673016,High-Value,0
179,0.0,193.52435062409876,-193.52435062409876,-inf,Regular,1
180,507.56088888888894,446.8955712005582,60.66531768833073,11.952323162869053,At-Risk,0
181,657.8435555555556,553.6354052930852,104.20815026247033,15.840871189270143,Regular,0
182,0.0,82.60672051069571,-82.60672051069571,-inf,Lost,1
183,891.5165555555558,416.9067344385302,474.6098211170256,53.23623191958209,Regular,1
184,607.6601111111112,327.1043656211149,280.5557454899963,46.1698473143149,New,1
185,0.0,88.1699488941922,-88.1699488941922,-inf,Lost,1
186,287.6605555555556,507.8285699887547,-220.16801443319906,-76.53743628770758,Regular,0
187,256.48955555555557,280.89905305791837,-24.409497502362797,-9.516760809028618,Promising,0
188,1525.9027777777778,1343.9003686799606,182.00240909781724,11.927523283159188,High-Value,0
189,0.0,321.56750088303045,-321.56750088303045,-inf,At-Risk,1
190,151.45472222222222,792.136215699752,-640.6814934775298,-423.0184995734162,High-Value,0
191,153.94888888888892,173.96634445158355,-20.017455562694636,-13.002663226197129,New,1
192,0.0,-39.97192493909796,39.97192493909796,inf,Lost,1
193,17.01711111111111,407.26581630543615,-390.24870519432505,-2293.272357724203,At-Risk,0
194,661.4935555555555,1092.4112508021713,-430.9176952466157,-65.1431433651246,Loyal,0
195,359.4357777777778,102.67840468147983,256.75737309629795,71.43344902494346,Lost,1
196,337.552,450.26601631057656,-112.71401631057654,-33.391600793530046,Regular,0
197,233.93255555555552,150.62861610840145,83.30393944715408,35.61023785223883,Lost,1
198,143.35577777777777,146.6600256460829,-3.3042478683051115,-2.304928283690926,Regular,1
199,2417.2631944444443,1230.3819370624788,1186.8812573819655,49.10020804146421,High-Value,0
200,143.91544444444443,357.86998302300765,-213.95453857856322,-148.66683656121143,At-Risk,1
201,1960.8408333333332,826.0844897274039,1134.7563436059293,57.870905395054386,High-Value,0
202,297.91299999999995,519.6173172193212,-221.70431721932124,-74.41914828131746,Regular,0
203,0.0,11.562748465671405,-11.562748465671405,-inf,Lost,1
204,50.645777777777774,368.230855912137,-317.5850781343592,-627.0711835601593,At-Risk,0
205,1258.7227777777778,678.6718517304853,580.0509260472925,46.08250015713134,Loyal,0
206,0.0,-137.36530774411682,137.36530774411682,inf,Lost,1
207,1113.807638888889,722.7600655251044,391.0475733637845,35.109076263284145,At-Risk,0
208,0.0,14.557769220025023,-14.557769220025023,-inf,Regular,1
209,549.5115555555557,231.56642986460804,317.94512569094763,57.85958866133496,Regular,1
210,191.42222222222222,1.1459424693289861,190.27627975289323,99.40135348131177,Lost,1
211,183.21377777777778,14.454337009558742,168.75944076821904,92.11067137806056,Lost,1
212,1129.573611111111,1035.2458446041228,94.32776650698816,8.350740985724885,High-Value,0
213,302.2443333333333,392.6689034309223,-90.42457009758897,-29.917705685440687,At-Risk,1
214,433.14144444444446,413.774204332858,19.367240111586455,4.471343105120603,Regular,0
215,106.2798888888889,144.6436191015847,-38.3637302126958,-36.09688588666427,Lost,1
216,99.32055555555557,298.6359940624033,-199.31543850684773,-200.67894041869246,New,1
217,112.5578888888889,85.48208162744203,27.07580726144687,24.05500629829212,Regular,1
218,591.6163333333334,482.5364266988033,109.07990663453006,18.437609053141433,Regular,0
219,0.0,143.7952594910455,-143.7952594910455,-inf,Lost,1
220,467.5812222222222,841.9727951727971,-374.39157295057487,-80.06984779483763,High-Value,0
221,280.09288888888887,71.93766686813825,208.1552220207506,74.31649651888324,Lost,1
222,437.91077777777775,661.0520510320238,-223.14127325424602,-50.955876077450945,Regular,0
223,176.55455555555554,73.14154428470937,103.41301127084617,58.57283656343023,Lost,1
224,390.0308888888889,327.06980025449036,62.96108863439855,16.14259035066701,New,1
225,135.999,496.3050167939647,-360.30601679396466,-264.93284273705297,Regular,0
226,1272.4102777777778,968.2585482209568,304.151729556821,23.903589500079477,High-Value,0
227,134.831,293.9507997323517,-159.1197997323517,-118.01425468353104,Regular,1
228,189.61344444444444,612.2144446285682,-422.6010001841238,-222.87501892195377,Loyal,0
229,1054.3714444444445,922.5957277983283,131.77571664611617,12.498035425793393,High-Value,0
230,174.13541666666666,257.52132446093606,-83.3859077942694,-47.885668171620885,Promising,0
231,0.0,-95.54395254484137,95.54395254484137,inf,Lost,1
232,1166.874583333333,1036.1129557715178,130.7616275618152,11.206142410633126,High-Value,0
233,169.99266666666665,604.8075549749024,-434.8148883082357,-255.78449755179778,Loyal,0
234,0.0,223.33801369258276,-223.33801369258276,-inf,Regular,1
235,127.96900000000001,211.57756299216152,-83.60856299216151,-65.33501316112613,Regular,1
236,744.1234722222222,1443.4413317703427,-699.3178595481205,-93.97873950403743,High-Value,0
237,1054.1118888888889,853.8941889280179,200.21769996087096,18.993970381257636,At-Risk,0
238,467.5244444444444,500.5857850248094,-33.06134058036503,-7.071574753626317,At-Risk,0
239,1045.7493333333332,573.4034810644608,472.34585226887236,45.16817149318821,Regular,0
240,0.0,126.37070557706608,-126.37070557706608,-inf,Lost,1
241,396.90099999999995,653.3964215832436,-256.4954215832437,-64.62453397276492,At-Risk,0
242,1574.6809722222222,1030.1619424810308,544.5190297411914,34.579641168379325,High-Value,0
243,263.16499999999996,272.7044717350324,-9.539471735032464,-3.624901386974889,Regular,1
244,304.36944444444447,512.9798006649258,-208.61035622048138,-68.53853434639308,At-Risk,0
245,1961.246388888889,1633.0468730463044,328.19951584258456,16.734231746808746,High-Value,0
246,183.1245555555556,387.2367633888627,-204.1122078333071,-111.46086182384447,New,0
247,5129.016499999999,1604.225953134031,3524.790546865968,68.7225425550097,High-Value,0
248,2527.4120833333336,1375.6495339817795,1151.762549351554,45.570825467943735,Loyal,0
249,139.357,611.8168996823628,-472.4598996823628,-339.0284662287239,High-Value,0
250,356.5806666666667,683.0631853502501,-326.48251868358346,-91.55923166994943,Loyal,0
251,0.0,-120.23955077068291,120.23955077068291,inf,Lost,1
252,385.0912222222222,394.7773965993863,-9.686174377164093,-2.5152934728734357,New,0
253,72.22133333333333,149.71824844224437,-77.49691510891104,-107.30474159377337,Lost,1
254,1015.1359722222222,910.0453125724102,105.09065964981198,10.352372738773038,High-Value,0
255,103.5221111111111,120.25665974077106,-16.734548629659955,-16.16519258547445,Lost,1
256,692.0075555555557,868.6811608131807,-176.673605257625,-25.530589057772406,High-Value,0
257,259.70155555555556,588.4146449647152,-328.71308940915964,-126.57340026553715,At-Risk,0
258,24.333333333333332,239.0818240802339,-214.74849074690056,-882.5280441653447,New,1
259,291.1158888888889,506.4153886212006,-215.2994997323117,-73.95662962748341,At-Risk,0
260,281.30955555555556,545.2548338323144,-263.9452782767588,-93.82734182473675,Loyal,0
261,292.7218888888889,352.1672023644878,-59.44531347559894,-20.30777872513768,Promising,0
262,786.2667777777779,512.9533674067233,273.3134103710546,34.760900256210626,Regular,0
263,358.74633333333327,329.0012841021505,29.745049231182747,8.291387665151353,Regular,1
264,0.0,-153.4681198178816,153.4681198178816,inf,Lost,1
265,563.7303333333334,408.6987144722368,155.0316188610966,27.501024815250897,Regular,0
266,854.5866666666667,842.8904947987872,11.696171867879457,1.368634958172308,Regular,0
267,0.0,108.34640272123136,-108.34640272123136,-inf,Lost,1
268,67.09511111111111,246.52731804047875,-179.43220692936762,-267.4296293096878,Regular,1
269,79.01844444444446,554.1530998245574,-475.134655380113,-601.2958856892787,Loyal,0
270,681.5847777777776,943.8734379368107,-262.28866015903304,-38.48217693684307,Loyal,0
271,1372.227638888889,1202.4272428399074,169.8003960489816,12.374069085685466,High-Value,0
272,43.64588888888889,268.973918916341,-225.32803002745212,-516.2640417315794,New,1
273,270.49744444444445,687.3514550512036,-416.8540106067592,-154.10645060359298,High-Value,0
274,705.0826666666667,447.62917122897335,257.45349543769333,36.51394476265099,Regular,1
275,219.42177777777775,577.6364033865383,-358.21462560876057,-163.25390726327407,High-Value,0
276,752.4758888888889,908.4330462707946,-155.95715738190574,-20.725867723442033,Regular,0
277,0.0,-68.92324676341008,68.92324676341008,inf,Lost,1
278,207.54711111111112,500.08139387266306,-292.53428276155194,-140.948376103844,Regular,0
279,383.55011111111116,865.0605824649244,-481.5104713538133,-125.54043328495447,Loyal,0
280,464.452361111111,763.5837259292526,-299.13136481814166,-64.40517690609401,High-Value,0
281,0.0,-22.568281239760097,22.568281239760097,inf,Lost,1
282,72.25377777777777,158.75659929286013,-86.50282151508236,-119.72082868957892,Lost,1
283,88.37866666666667,799.622516400146,-711.2438497334792,-804.7687033071471,Regular,0
284,1412.5195833333335,1007.8170125602851,404.70257077304836,28.65111220745069,High-Value,0
285,282.0882222222222,450.17190947682445,-168.08368725460224,-59.58550340403437,Regular,0
286,929.5333333333333,1004.4557593599517,-74.92242602661838,-8.06021939610755,High-Value,0
287,0.0,14.764033888320398,-14.764033888320398,-inf,Lost,1
288,911.1211111111112,1174.5334129217028,-263.41230181059166,-28.910788982746833,High-Value,0
289,24.544222222222224,140.5515615489026,-116.00733932668038,-472.64622311660736,Lost,1
290,127.64455555555556,149.2536139253246,-21.609058369769045,-16.929087398768054,Lost,1
291,81.87355555555557,131.39338267151942,-49.51982711596385,-60.4832986425782,Lost,1
292,778.7477777777776,635.6612545930723,143.08652318470536,18.373923787367303,High-Value,0
293,0.0,-33.33660783817646,33.33660783817646,inf,Lost,1
294,249.55455555555557,190.28448855226242,59.27006700329315,23.75034463760711,Lost,1
295,315.6357777777778,68.57872101343486,247.05705676434292,78.27283031845728,Lost,1
296,593.3439999999999,398.67677118481754,194.6672288151824,32.808493692559864,Promising,0
297,511.39744444444443,418.7589308071037,92.63851363734074,18.114778367337834,Regular,0
298,161.67066666666665,623.8770799540113,-462.2064132873446,-285.8938005373133,At-Risk,0
299,372.98133333333334,778.7775874078409,-405.79625407450754,-108.79800617578026,Regular,0
300,632.0745555555555,455.5766973025866,176.49785825296897,27.9235822264413,Regular,0
301,175.3541111111111,795.6231036646128,-620.2689925535017,-353.72366728287045,High-Value,0
302,484.14411111111116,388.1202606484588,96.02385046265238,19.833733026779477,Regular,0
303,190.7246666666667,125.10841881320812,65.61624785345859,34.40365056090904,Regular,1
304,146.7867777777778,530.4370377517813,-383.6502599740035,-261.3656800579247,Regular,0
305,304.54788888888896,273.549734976017,30.998153912871942,10.178416939931994,New,1
306,0.0,-9.559386618797987,9.559386618797987,inf,Lost,1
307,3088.90375,1246.0079156441427,1842.8958343558572,59.66180831487085,Loyal,0
308,1635.5548611111112,633.3090005226112,1002.2458605885,61.27864521203685,Regular,0
309,963.0727777777777,1529.4888403752648,-566.4160625974871,-58.813422585201934,Loyal,0
310,1028.2455555555555,706.2827509857991,321.9628045697564,31.311859587450552,Regular,0
311,997.0481944444442,889.654150216814,107.39404422763027,10.771198907538295,Loyal,0
312,160.47022222222222,574.2774064730131,-413.8071842507909,-257.871634076597,Regular,1
313,346.3201111111111,437.6012428881064,-91.28113177699532,-26.357444701705262,Regular,1
314,1648.79625,880.8781826326777,767.9180673673224,46.5744671221397,High-Value,0
315,862.3084444444444,1204.2394171129863,-341.9309726685419,-39.652977408662196,High-Value,0
316,352.2168888888889,224.9523404605062,127.26454842838268,36.132437836769896,Lost,1
317,93.29399999999998,925.9996309590783,-832.7056309590783,-892.5607552029911,At-Risk,0
318,0.0,-76.04852792573621,76.04852792573621,inf,Lost,1
319,2070.523333333333,1425.8575844813079,644.6657488520252,31.135401300413196,High-Value,0
320,1756.7855555555552,1362.2487691260822,394.53678642947307,22.45787968723975,Loyal,0
321,0.0,-59.81524714092296,59.81524714092296,inf,Lost,1
322,139.3732222222222,263.80142066316137,-124.42819844093916,-89.27697620605046,Lost,1
323,43.81622222222222,839.5001595552919,-795.6839373330697,-1815.9574170899734,High-Value,0
324,1270.9705555555556,890.6032960255795,380.3672595299761,29.927306959814914,High-Value,0
325,268.90766666666667,898.2780897530714,-629.3704230864048,-234.04703587962837,High-Value,0
326,1704.2458333333334,977.1226757839457,727.1231575493877,42.66539153727651,High-Value,0
327,754.72875,793.9758663854748,-39.24711638547478,-5.200161831051856,High-Value,0
328,517.2293333333334,578.0133231651268,-60.783989831793406,-11.75184505489378,Loyal,0
329,401.89744444444455,1031.151172642045,-629.2537281976004,-156.5707214355238,High-Value,0
330,0.0,-27.781487003428254,27.781487003428254,inf,Lost,1
331,1090.9343055555555,401.0552580322219,689.8790475233336,63.237451055498205,Regular,0
332,98.79333333333334,271.1584119520288,-172.36507861869546,-174.4703542263602,Regular,1
333,0.0,91.00644333948924,-91.00644333948924,-inf,Regular,1
334,598.6729999999999,521.4184115373371,77.25458846266281,12.904304764481248,Regular,0
335,566.8044444444444,1313.0574920909073,-746.253047646463,-131.65970291180514,High-Value,0
336,0.0,14.195823843728078,-14.195823843728078,-inf,Lost,1
337,971.9645833333333,596.8410346215555,375.12354871177774,38.594363945371235,Regular,0
338,0.0,74.52917317927461,-74.52917317927461,-inf,Lost,1
339,66.95722222222223,105.79278025437407,-38.83555803215184,-58.000551312092554,Regular,1
340,10.495777777777779,148.8382284737736,-138.3424506959958,-1318.0771699349602,Lost,1
341,1204.8731111111113,1107.5583467908439,97.31476432026739,8.076764550793698,High-Value,0
342,0.0,34.403968488437044,-34.403968488437044,-inf,Lost,1
343,1043.234888888889,1098.0412509850037,-54.80636209611475,-5.253501649517013,High-Value,0
344,19.377444444444446,357.3228839140897,-337.94543946964524,-1744.0144929252263,Regular,1
345,310.9881111111111,528.5725163316696,-217.5844052205585,-69.96550589768978,Regular,0
346,853.0942222222222,486.9176822878955,366.17653993432674,42.92334075132695,At-Risk,0
347,180.48844444444444,563.0987226777019,-382.6102782332574,-211.98602459617712,At-Risk,0
348,103.54644444444443,119.52617013348447,-15.979725689040038,-15.432423367867168,Lost,1
349,991.9807777777778,599.7395569812677,392.2412207965101,39.541211844366956,High-Value,0
350,48.407111111111114,417.01924637085745,-368.6121352597463,-761.483440756573,New,1
351,222.72299999999996,199.62638413341335,23.096615866586603,10.370108101357564,Regular,1
352,34.18022222222222,565.8614554916762,-531.681233269454,-1555.5230443287821,Regular,0
353,194.44766666666666,205.17820835178418,-10.730541685117515,-5.518472846224699,Promising,0
354,331.29833333333335,521.0147698937317,-189.71643656039834,-57.26453092944376,Regular,0
355,320.1212222222223,215.52012515655457,104.60109706566772,32.67546473162455,Regular,1
356,161.6138888888889,458.86054954370815,-297.24666065481927,-183.9239577108247,At-Risk,0
357,645.6444444444444,1015.2950097303476,-369.6505652859032,-57.252961512582246,Loyal,0
358,713.9724444444446,865.7685335524048,-151.79608910796026,-21.260776979435903,High-Value,0
359,847.0595555555554,684.1985916169555,162.86096393859998,19.226624960482905,At-Risk,0
360,136.5748888888889,228.38030616540186,-91.80541727651297,-67.21983669428549,Lost,1
361,199.10344444444445,368.2616645472132,-169.15822010276872,-84.95996670211736,New,1
362,181.7537777777778,339.88192230860835,-158.12814453083055,-87.00129728481724,New,1
363,656.3024444444444,535.1186795055845,121.1837649388599,18.464621907882904,Regular,0
364,467.3784444444445,227.93109776289333,239.44734668155115,51.23200471219279,Lost,1
365,107.08288888888887,149.73367990949237,-42.65079102060349,-39.829697781929205,Regular,1
366,0.0,-13.125671582121583,13.125671582121583,inf,Lost,1
367,767.9498611111111,743.8529199870014,24.096941124109662,3.1378273952995985,At-Risk,0
368,599.2407777777778,640.2316515422668,-40.99087376448904,-6.840468019633016,Regular,1
369,814.8929166666667,628.7450082354806,186.14790843118612,22.843235549601694,At-Risk,0
370,1013.4833333333332,1021.7173589412555,-8.234025607922263,-0.8124480528792379,High-Value,0
371,0.0,-67.64606926532048,67.64606926532048,inf,Lost,1
372,1802.9175,1569.382034953997,233.53546504600308,12.95319752822872,High-Value,0
373,821.825888888889,306.33836518733597,515.4875237015531,62.724663541385105,At-Risk,0
374,1979.8005555555553,1290.6215515322708,689.1790040232845,34.81052685278658,Loyal,0
375,1126.5927777777779,976.8446309491051,149.74814682867282,13.29212735803734,High-Value,0
376,721.7104444444444,357.0751741039123,364.63527034053214,50.523762424031396,At-Risk,1
377,239.4886666666667,333.1600330976336,-93.67136643096688,-39.11306857845752,New,1
378,1381.0545555555557,1070.5647610310912,310.4897945244645,22.48208032589734,Loyal,0
379,0.0,9.84012119306459,-9.84012119306459,-inf,Lost,1
380,220.83311111111112,317.26651231342987,-96.43340120231875,-43.66799920406807,Regular,1
381,245.0366666666667,107.55709386846354,137.47957279820315,56.10571457259586,Regular,1
382,1383.1309999999999,869.4589087827774,513.6720912172225,37.138354300295674,High-Value,0
383,0.0,156.3405655588433,-156.3405655588433,-inf,Lost,1
384,979.8120833333332,629.2542924386978,350.55779089463545,35.778063657067115,At-Risk,0
385,500.4555555555555,514.2445154456664,-13.788959890110846,-2.755281610332755,Loyal,0
386,0.0,-137.95510999694687,137.95510999694687,inf,Lost,1
387,404.10366666666664,198.05897998709816,206.04468667956849,50.98807649511598,Regular,1
388,234.83288888888887,256.6176006832906,-21.784711794401744,-9.276686880392285,At-Risk,1
389,166.8698888888889,188.25699031786604,-21.387101428977132,-12.816633109414866,Regular,1
390,821.6798888888889,895.8841305883237,-74.20424169943487,-9.030796871489342,At-Risk,0
391,366.3383333333333,472.3629137028375,-106.02458036950418,-28.941710632567574,Loyal,0
392,564.56375,852.5191961215064,-287.9554461215064,-51.00494782413968,High-Value,0
393,541.7330000000001,318.6216538005317,223.11134619946836,41.18474344362782,Regular,0
394,843.2797777777778,970.5470431910455,-127.26726541326775,-15.091938496218201,At-Risk,0
395,0.0,34.62232733310941,-34.62232733310941,-inf,Lost,1
396,380.9870000000001,1036.6434542487114,-655.6564542487113,-172.09418018166267,High-Value,0
397,310.5582222222222,811.9620796578351,-501.40385743561296,-161.452449672007,At-Risk,0
398,574.9723333333333,1285.86103975406,-710.8887064207266,-123.63876750372222,High-Value,0
399,252.2555555555556,566.3828771045074,-314.12732154895184,-124.52741461219073,Regular,1
400,340.7558888888889,422.74904270763983,-81.99315381875095,-24.062138466955936,New,1
401,0.0,-9.403322318474295,9.403322318474295,inf,Lost,1
402,103.10033333333334,-6.665478991508678,109.76581232484202,106.46504116524875,Lost,1
403,480.5224999999999,239.4048237750685,241.11767622493142,50.17822812145768,Regular,0
404,1415.2875,972.1156528410208,443.17184715897906,31.313202947032252,High-Value,0
405,0.0,8.686159127558483,-8.686159127558483,-inf,Lost,1
406,78.75077777777777,348.9013599962464,-270.1505822184686,-343.04497027418677,Regular,0
407,281.926,108.6807325437457,173.24526745625428,61.45061734506725,Lost,1
408,129.3641111111111,352.1227418815988,-222.7586307704877,-172.1950770250026,New,1
409,404.9796666666666,177.58880963129872,227.3908570353679,56.14870961472994,Regular,1
410,1262.3829166666667,657.0818480157288,605.3010686509379,47.949085864472934,High-Value,0
411,1302.6444444444446,870.8166679271477,431.8277765172969,33.15008775871024,Regular,0
412,140.93866666666665,833.5149726167972,-692.5763059501305,-491.4026238009895,High-Value,0
413,8.111111111111112,835.6813150559063,-827.5702039447953,-10202.920322607064,At-Risk,0
414,0.0,363.78166690545453,-363.78166690545453,-inf,Regular,1
415,825.6381111111112,616.3025209919556,209.33559011915565,25.354400106051312,Regular,0
416,128.83688888888886,259.61312406662995,-130.77623517774109,-101.50527252371388,Regular,1
417,368.9338888888888,626.0241942281413,-257.09030533925244,-69.68465437358613,High-Value,0
418,398.1987777777778,444.1864235199248,-45.98764574214698,-11.548916849717514,New,1
419,153.1621111111111,485.71690259960064,-332.5547914884895,-217.1260170521144,Regular,0
420,280.6768888888889,217.7814533997883,62.895435489100635,22.408483911191897,Regular,1
421,279.81711111111116,417.7819330779286,-137.96482196681745,-49.30535570858413,Regular,0
422,1586.6651388888888,993.4600601515497,593.2050787373391,37.38691070963778,High-Value,0
423,0.0,-24.5823201902229,24.5823201902229,inf,Lost,1
424,855.8844444444445,710.8770602896162,145.0073841548283,16.942402107676198,High-Value,0
425,389.83622222222226,318.5670308222485,71.26919139997375,18.2818289674856,Regular,0
426,231.92100000000002,868.7672821790171,-636.8462821790171,-274.59621258058434,At-Risk,0
427,107.01799999999999,118.3385187145563,-11.320518714556314,-10.578144531346425,Regular,1
428,234.93022222222223,273.6443117850572,-38.71408956283497,-16.47897371254986,Regular,1
429,573.1716666666666,401.21900934130406,171.95265732536257,30.00020191601049,New,1
430,0.0,62.2864585291191,-62.2864585291191,-inf,Lost,1
431,0.0,127.11106838964224,-127.11106838964224,-inf,Regular,1
432,1943.979861111111,1819.437780957962,124.54208015314885,6.406551973329854,High-Value,0
433,812.7130555555555,338.98428164071333,473.7287739148421,58.28979498686778,Regular,1
434,72.20511111111111,142.3647170061484,-70.15960589503729,-97.16709082695525,Lost,1
435,1540.087083333333,890.2594050079718,649.8276783253613,42.19421650617882,High-Value,0
436,297.8805555555556,603.8070362794439,-305.9264807238883,-102.70105752734575,At-Risk,0
437,53.403555555555556,58.40491315985332,-5.001357604297766,-9.365214642112862,Lost,1
438,488.0617777777779,1017.7185938652152,-529.6568160874374,-108.52249452908364,At-Risk,0
439,2547.0004166666668,1596.1689659526326,950.8314507140342,37.33142109016279,High-Value,0
440,1888.145,1133.8457575456994,754.2992424543006,39.949222250107944,High-Value,0
441,8.111111111111112,244.7085601275939,-236.59744901648278,-2916.9548508881435,New,1
442,0.0,120.2069277063186,-120.2069277063186,-inf,Lost,1
443,24.333333333333332,202.78093979744835,-178.447606464115,-733.3463279347193,Regular,1
444,288.46355555555556,321.83995705875463,-33.37640150319908,-11.570404947314419,Regular,0
445,0.0,419.4192576823658,-419.4192576823658,-inf,Regular,1
446,132.00022222222222,297.50998582532134,-165.50976360309912,-125.38597346030495,Regular,1
447,181.04000000000002,192.89950955812213,-11.859509558122113,-6.550767542047123,Regular,1
448,368.2606666666667,254.0568379617897,114.20382870487697,31.01168249615136,At-Risk,1
449,764.3018888888889,1158.956303609057,-394.654414720168,-51.635933452146844,Loyal,0
450,737.4703333333333,339.04740288352417,398.42293044980914,54.025621430621506,Regular,1
451,0.0,-69.18154109985136,69.18154109985136,inf,Lost,1
452,156.293,275.50425943881066,-119.21125943881066,-76.27421537676713,Regular,1
453,325.40155555555555,210.7091051507212,114.69245040483435,35.246435810369995,Regular,1
454,0.0,737.5446714736312,-737.5446714736312,-inf,At-Risk,0
455,914.0735555555557,416.29778432454236,497.7757712310133,54.45686161749589,Regular,1
456,0.0,-40.66732314066854,40.66732314066854,inf,Lost,1
457,705.4963333333334,806.7522539943789,-101.25592066104548,-14.352437550260664,High-Value,0
458,1279.7204166666666,779.6864044704128,500.0340121962538,39.073691853624574,High-Value,0
459,187.1152222222222,405.44602834964394,-218.33080612742174,-116.6825464729573,At-Risk,0
460,189.4187777777778,200.88701450240268,-11.468236724624887,-6.05443497163686,Regular,1
461,72.197,361.44134423705884,-289.24434423705884,-400.6320819937931,New,1
462,1687.1516666666664,1395.8886455960362,291.2630210706302,17.263594425158196,High-Value,0
463,181.5672222222222,104.53063773209135,77.03658449013085,42.428684840397516,Regular,1
464,369.28266666666667,238.2990247497542,130.98364191691246,35.4697508819565,At-Risk,0
465,8.111111111111112,28.821466268434904,-20.71035515732379,-255.33314577522478,Lost,1
466,464.88833333333326,536.3148603833182,-71.42652704998494,-15.364233070303971,Regular,0
467,465.3425555555556,538.5177856351303,-73.1752300795747,-15.725024330133197,Regular,0
468,297.2154444444445,741.5020382338049,-444.28659378936044,-149.48301042020935,Regular,0
469,726.0985555555557,1030.367671806735,-304.2691162511793,-41.904657972825134,High-Value,0
470,2277.0829166666667,1080.1521507977386,1196.9307658689281,52.56421525576541,High-Value,0
471,146.8841111111111,178.68165889277952,-31.797547781668413,-21.648051338660466,Lost,1
472,489.7245555555555,349.54954613381733,140.1750094217382,28.6232348024126,New,1
473,8.784333333333333,461.7605088575998,-452.97617552426647,-5156.636916376881,Regular,1
474,0.0,41.64724772155023,-41.64724772155023,-inf,Lost,1
475,393.4801388888889,421.00047625534626,-27.52033736645734,-6.994085506874477,Regular,0
476,196.84044444444444,462.6221165880763,-265.7816721436319,-135.0239138576245,At-Risk,0
477,654.2422222222222,724.6726932562749,-70.43047103405274,-10.765198063008855,At-Risk,0
478,0.0,-160.77168135826554,160.77168135826554,inf,Lost,1
479,160.77844444444446,197.70356379848386,-36.925119354039396,-22.966461382078204,Regular,1
480,561.9134444444444,609.7422935425088,-47.82884909806444,-8.51178229866917,High-Value,0
481,338.25766666666664,461.5323959028709,-123.27472923620428,-36.44403109942942,New,1
482,356.6293333333333,576.1032656298,-219.47393229646673,-61.54118906739773,Loyal,0
483,469.48124999999993,529.511171798158,-60.02992179815806,-12.78643647603777,Loyal,0
484,202.356,572.8041877835415,-370.44818778354147,-183.06755805784925,Regular,0
485,829.28,588.8720113549026,240.40798864509736,28.989965831214715,Regular,0
486,1226.3695833333334,1329.2384281504965,-102.86884481716311,-8.38807861962464,High-Value,0
487,886.3923611111111,666.1117265247847,220.2806345863264,24.85136879002433,High-Value,0
488,576.4891111111111,1955.9798828066348,-1379.4907716955236,-239.2917307729762,High-Value,0
489,258.3307777777778,776.7190662690363,-518.3882884912584,-200.66841936162487,Regular,0
490,1835.017222222222,1786.4675653045667,48.549656917655284,2.645733038890023,Loyal,0
491,164.4041111111111,580.2982785531908,-415.8941674420797,-252.97066151892108,At-Risk,0
492,475.5301111111111,627.5141272981755,-151.98401618706436,-31.96096580129122,Loyal,0
493,928.7952222222223,708.6230755938495,220.17214662837273,23.705133420216352,At-Risk,0
494,878.0521111111113,910.3986524617617,-32.34654135065034,-3.6838976800270014,High-Value,0
495,1526.2677777777778,868.1512846737801,658.1164931039978,43.119333493510894,Loyal,0
496,113.004,386.61019547893954,-273.6061954789395,-242.12080588203912,Regular,1
497,3734.765166666666,1131.0584966592621,2603.7066700074038,69.71540522134758,High-Value,0
498,0.0,-124.90648395779323,124.90648395779323,inf,Lost,1
499,0.0,-74.18017645545052,74.18017645545052,inf,Lost,1
500,877.7945833333332,919.3594280978593,-41.56484476452613,-4.735144822458117,Loyal,0
501,0.0,-140.25944914488417,140.25944914488417,inf,Lost,1
502,409.05955555555556,893.4571144344363,-484.3975588788808,-118.41736791138064,High-Value,0
503,0.0,-54.69380316054395,54.69380316054395,inf,Lost,1
504,0.0,-43.920654665416635,43.920654665416635,inf,Lost,1
505,130.5807777777778,439.5123953907613,-308.9316176129835,-236.5827672880942,New,1
506,620.7352222222222,526.2344329208163,94.50078930140592,15.224009516182214,Regular,1
507,449.7367777777779,205.90234746621883,243.83443031155906,54.21714263983133,Lost,1
508,1729.3902777777778,1206.2638759174529,523.1264018603249,30.24918137810564,High-Value,0
509,0.0,33.49611754811383,-33.49611754811383,-inf,Lost,1
510,591.9894444444444,486.51833086710485,105.47111357733957,17.816384154673482,Regular,0
511,373.97900000000004,441.39467475374636,-67.41567475374632,-18.02659367337372,Regular,0
512,747.9255555555554,433.8866505563026,314.03890499925285,41.98798966910367,Regular,0
513,0.0,-22.52057846766951,22.52057846766951,inf,Lost,1
514,549.1871111111112,446.2281545048636,102.95895660624763,18.747518746013874,At-Risk,0
515,0.0,-54.3333104787327,54.3333104787327,inf,Lost,1
516,133.76844444444444,602.283740699931,-468.51529625548653,-350.24351086781627,At-Risk,0
517,1818.6631944444443,948.9484776543022,869.7147167901421,47.82164830997297,High-Value,0
518,162.3438888888889,350.9466906045557,-188.60280171566683,-116.17486990517396,At-Risk,1
519,349.1914444444444,557.4680038666208,-208.27655942217643,-59.64537869865044,Regular,0
520,44.375888888888895,124.75891642691357,-80.38302753802468,-181.141222295947,Lost,1
521,190.87877777777777,146.07326631061778,44.80551146715999,23.473280785212715,Lost,1
522,80.35677777777778,309.4442924028807,-229.08751462510293,-285.0879800813215,At-Risk,1
523,1258.9255555555555,937.0285336426925,321.897021912863,25.56918639806402,High-Value,0
524,475.2462222222222,670.5022736360443,-195.2560514138221,-41.08524008898309,High-Value,0
525,2826.8844444444444,1853.7486946267052,973.1357498177392,34.42432009310467,Loyal,0
526,329.18944444444446,563.4094097246419,-234.21996528019747,-71.15050899504935,Regular,0
527,478.1743333333333,362.21048678005184,115.96384655328148,24.251374126440947,Regular,1
528,315.3032222222223,228.72216982251206,86.58105239971025,27.459615474112997,Lost,1
529,845.79625,407.3148488637507,438.4814011362493,51.84243854666527,Promising,1
530,0.0,-90.88066701825647,90.88066701825647,inf,Lost,1
531,851.0177777777778,1296.8169509385002,-445.7991731607224,-52.38423741567615,High-Value,0
532,339.87177777777777,416.31927420711315,-76.44749642933539,-22.493040442834275,Regular,1
533,27.448000000000004,341.6753009136193,-314.22730091361933,-1144.8094612125449,New,1
534,279.9387777777778,627.2692557859572,-347.3304780081794,-124.07372810775747,High-Value,0
535,685.0725555555556,252.54295458889032,432.52960096666527,63.13632000860229,Lost,1
536,644.444,495.6413184569878,148.80268154301217,23.09008719811375,Regular,0
537,981.2497777777777,797.9711669694072,183.27861080837044,18.67807921683701,High-Value,0
538,283.085888888889,397.1241483112331,-114.03825942234414,-40.283978784652206,New,1
539,295.942,463.7538383413,-167.81183834130002,-56.70429960644315,At-Risk,0
540,353.01988888888894,356.6046611037002,-3.5847722148112666,-1.0154589947025772,New,1
541,1330.6581944444445,1630.714367075542,-300.0561726310975,-22.54945514060974,High-Value,0
542,2339.183611111111,920.9418782735612,1418.24173283755,60.629773827967526,Regular,0
543,108.83488888888888,415.5243747620308,-306.6894858731419,-281.7933559763594,Regular,0
544,221.0196666666667,159.28455540959686,61.73511125706983,27.931953833853317,Regular,1
545,13.14811111111111,483.37269641156064,-470.2245853004495,-3576.3660751472926,New,1
546,0.0,34.17804835364359,-34.17804835364359,-inf,Lost,1
547,112.56599999999999,168.09925600994563,-55.533256009945646,-49.33395164609709,New,1
548,0.0,61.615585883516644,-61.615585883516644,-inf,Lost,1
549,168.84900000000002,241.00907275092015,-72.16007275092014,-42.73645254098048,Lost,1
550,747.5362222222221,457.3574856838024,290.17873653841974,38.8180168281073,Regular,0
551,0.0,26.40566639571921,-26.40566639571921,-inf,Lost,1
552,761.6819999999999,779.2707709320789,-17.588770932079,-2.309201337576443,Loyal,0
553,217.90499999999997,140.82115031858473,77.08384968141524,35.37497977623976,Lost,1
554,176.44100000000003,154.8522578674499,21.588742132550124,12.235672056126479,Lost,1
555,398.3204444444444,185.33775350237408,212.9826909420703,53.47018811427742,Regular,1
556,47.076888888888895,313.4072663409901,-266.3303774521012,-565.7348727540077,Regular,1
557,1192.9335555555554,672.2015527979636,520.7320027575918,43.65138362757213,Regular,0
558,1199.2196666666666,897.6951419333816,301.52452473328503,25.143393918096606,At-Risk,0
559,536.258,596.8316359777165,-60.573635977716435,-11.295614420244814,At-Risk,0
560,1570.0677777777778,640.1580126717537,929.9097651060241,59.227364465895086,Loyal,0
561,761.3595833333334,853.6979910666495,-92.3384077333161,-12.128094234927246,High-Value,0
562,799.3094444444444,343.8340249512379,455.47541949320646,56.98361537686849,Regular,0
563,0.0,-34.659766991110075,34.659766991110075,inf,Lost,1
564,299.85966666666667,561.7936717344348,-261.93400506776817,-87.3521964389236,Regular,0
565,182.95422222222223,663.1796348208786,-480.22541259865636,-262.4839190731323,At-Risk,0
566,138.69188888888888,188.8024808210791,-50.110591932190204,-36.130874223175105,Lost,1
567,555.5056666666667,1702.9017015728139,-1147.3960349061472,-206.5498344582408,High-Value,0
568,180.602,275.15660695007114,-94.55460695007113,-52.355238009585236,Regular,1
569,1130.8348888888888,1010.7296366166321,120.10525227225673,10.620936217334712,High-Value,0
570,311.07733333333334,103.8974589727556,207.17987436057774,66.600761984344,Lost,1
571,2683.6625,1325.3518792660084,1358.3106207339915,50.61406271220735,High-Value,0
572,2659.7651388888885,1335.1242581557638,1324.6408807331247,49.802926633082,High-Value,0
573,606.3055555555555,555.3620529384134,50.943502617142144,8.402282009516275,Regular,0
574,224.10188888888885,527.8017035494557,-303.69981466056686,-135.51863224639897,Regular,0
575,218.16455555555558,502.1086085381243,-283.94405298256873,-130.15132190447062,Regular,0
576,146.82733333333334,3.1519408196197105,143.67539251371363,97.85330105228837,Lost,1
577,489.47311111111117,498.2816080751388,-8.808496964027654,-1.799587508296878,Regular,0
578,345.01625,1148.1331514557078,-803.1169014557078,-232.77654355576232,High-Value,0
579,164.61499999999998,828.4605454388259,-663.8455454388259,-403.2716006675127,High-Value,0
580,350.9272222222222,349.6807847899977,1.2464374322245249,0.3551840248617781,At-Risk,1
581,0.0,-61.83418315198918,61.83418315198918,inf,Lost,1
582,359.4276666666667,315.2355912656851,44.192075400981594,12.295123469714794,Regular,1
583,31.584666666666664,71.85642062557565,-40.27175395890899,-127.50412845550265,Lost,1
584,0.0,0.39280696746533295,-0.39280696746533295,-inf,Lost,1
585,770.2797777777778,1557.6596709059002,-787.3798931281224,-102.21998757382384,High-Value,0
586,244.79333333333335,315.48372393869505,-70.6903906053617,-28.87757997441176,Regular,1
587,131.37566666666666,185.87466954827158,-54.49900288160492,-41.483331171123716,New,1
588,1024.628,669.9908492062949,354.637150793705,34.6113077910915,Regular,0
589,482.246111111111,166.32071736938832,315.9253937417227,65.5112372008185,Regular,1
590,910.208611111111,899.4203162208705,10.788294890240536,1.1852551995823282,High-Value,0
591,489.6758888888889,255.28232491267454,234.39356397621435,47.86708296135855,Regular,1
592,16.57911111111111,141.282273107636,-124.7031619965249,-752.1703736755248,Regular,1
593,308.9846666666667,309.95650424435615,-0.9718375776894277,-0.31452615049595584,New,0
594,0.0,468.5234687969065,-468.5234687969065,-inf,At-Risk,0
595,902.2293055555557,393.9500223571051,508.27928319845057,56.33593146095749,At-Risk,0
596,224.36144444444446,164.13886783560673,60.22257660883773,26.841767202006857,Lost,1
597,1696.9255555555553,1072.1282216595814,624.7973338959739,36.81937206086934,High-Value,0
598,0.0,-16.971239848734456,16.971239848734456,inf,Lost,1
599,1167.533611111111,1566.0002568196317,-398.4666457085207,-34.128922877801394,High-Value,0
600,0.0,365.4220897606142,-365.4220897606142,-inf,At-Risk,1
601,1234.8456944444442,1052.1376743392175,182.70802010522675,14.79602033899684,High-Value,0
602,415.3943333333334,321.57945570994434,93.81487762338907,22.58453476497169,New,1
603,0.0,143.90759540300843,-143.90759540300843,-inf,Lost,1
604,741.2014444444444,624.1007640862973,117.10068035814709,15.798765805956844,Loyal,0
605,20.991555555555557,810.0544470565275,-789.0628915009719,-3758.9538774897565,At-Risk,0
606,207.56333333333333,214.3015900464377,-6.738256713104363,-3.246361775412017,Promising,0
607,182.09444444444443,302.448463765641,-120.35401932119657,-66.09428403397317,Regular,0
608,578.2005555555555,369.92062725270245,208.27992830285308,36.02209065723404,At-Risk,0
609,0.0,172.65514937757598,-172.65514937757598,-inf,At-Risk,1
610,674.8545833333333,554.8240267689722,120.03055656436106,17.786136380891104,At-Risk,0
611,0.0,62.37172028962698,-62.37172028962698,-inf,Lost,1
612,615.381888888889,586.6554044249737,28.726484463915313,4.668074407549238,Regular,0
613,0.0,424.55463916557443,-424.55463916557443,-inf,Regular,1
614,1114.3449999999998,585.9834530043842,528.3615469956156,47.414539213225325,Regular,0
615,669.1747777777778,599.7316020815417,69.44317569623604,10.37743471546338,At-Risk,0
616,0.0,123.0628154442756,-123.0628154442756,-inf,Lost,1
617,493.8368888888888,320.93466403978647,172.9022248491023,35.01201079533055,At-Risk,0
618,1204.9866666666667,556.3920670537451,648.5945996129216,53.825873559839245,Regular,0
619,299.59200000000004,138.38641546739018,161.20558453260986,53.808374233160386,Lost,1
620,0.0,-128.7285267755547,128.7285267755547,inf,Lost,1
621,669.3491666666665,463.90330235351513,205.4458643131514,30.69337717058258,Regular,0
622,143.60722222222225,259.650702066073,-116.04347984385075,-80.80615866539183,Regular,1
623,551.15,345.43985763669843,205.71014236330154,37.32380338624722,Regular,1
624,590.2779999999999,776.0907190252817,-185.8127190252818,-31.478848784010555,High-Value,0
625,90.94177777777779,527.765665890875,-436.82388811309715,-480.33357032067823,Regular,0
626,421.2667777777778,413.1457825975666,8.120995180211196,1.927755904002261,New,0
627,54.092999999999996,221.92458060156906,-167.83158060156907,-310.26487826811064,New,1
628,596.2234444444443,434.77989307834787,161.44355136609647,27.077692578246083,Regular,0
629,230.45288888888888,1722.9554016965296,-1492.5025128076409,-647.638881857211,High-Value,0
630,1751.989861111111,1539.0761441765892,212.91371693452174,12.152679742078645,At-Risk,0
631,1748.1066666666666,840.3744351102869,907.7322315563797,51.926592859877715,High-Value,0
632,1085.7229166666668,450.2948300561671,635.4280866104998,58.525805880690065,Regular,0
633,747.9985555555556,413.603673700714,334.3948818548416,44.70528443821377,Regular,1
634,140.50066666666666,533.6307975005615,-393.1301308338948,-279.80659463103007,Regular,0
635,181.6888888888889,112.50358288942641,69.18530599946249,38.07899669735582,Lost,1
636,97.37388888888889,793.234058496356,-695.8601696074671,-714.6270705091149,At-Risk,0
637,147.62222222222223,479.27886358769877,-331.6566413654765,-224.66579649926902,New,0
638,0.0,16.7318455012865,-16.7318455012865,-inf,Lost,1
639,221.76588888888887,730.4407064285953,-508.6748175397064,-229.3746888163523,At-Risk,0
640,26.685555555555556,321.51725116982925,-294.8316956142737,-1104.8362661983026,New,0
641,105.73644444444447,22.59765508418019,83.13878936026428,78.62831949484234,Lost,1
642,1178.5687777777778,1094.2580011404439,84.3107766373339,7.153657743785143,High-Value,0
643,93.5941111111111,194.48751926460045,-100.89340815348935,-107.79888494663174,Lost,1
644,47.67711111111112,99.92140158347746,-52.244290472366345,-109.5793961815586,Lost,1
645,15.038,709.4607778034344,-694.4227778034344,-4617.786792149451,Regular,0
646,235.15733333333333,338.35431114863417,-103.19697781530084,-43.88422693542799,Regular,1
647,0.0,-30.62960267249133,30.62960267249133,inf,Lost,1
648,0.0,259.80380335956517,-259.80380335956517,-inf,Regular,1
649,554.3031944444443,449.9017033528579,104.40149109158642,18.83472657887599,Promising,0
650,0.0,-141.35307362089037,141.35307362089037,inf,Lost,1
651,0.0,-218.67445395411067,218.67445395411067,inf,Lost,1
652,327.80244444444446,404.84287275039276,-77.0404283059483,-23.502090851248976,New,1
653,0.0,4.206058507765022,-4.206058507765022,-inf,Lost,1
654,1792.2919444444444,714.4587763473149,1077.8331680971296,60.13714291569976,Regular,0
655,447.15541666666655,409.4349288104229,37.720487856243665,8.435654908852982,Regular,0
656,98.59866666666667,39.03759610016374,59.561070566502934,60.407582151046256,Regular,1
657,0.0,-61.96140722287447,61.96140722287447,inf,Lost,1
658,0.0,175.99518587668808,-175.99518587668808,-inf,Lost,1
659,1094.624861111111,1005.7232214850831,88.90163962602787,8.121653617092827,High-Value,0
660,142.5852222222222,589.2656855918785,-446.6804633696563,-313.27262138953995,Regular,0
661,54.38499999999999,448.91552421526956,-394.53052421526957,-725.4399636209794,Regular,0
662,132.65722222222223,234.27413468850432,-101.61691246628209,-76.6011158412901,At-Risk,0
663,1466.6409722222222,512.7956250800618,953.8453471421604,65.0360493950278,Loyal,0
664,1543.4471111111113,901.963911706332,641.4831994047793,41.56172212101147,At-Risk,0
665,878.2467777777779,407.9627783673518,470.2839994104261,53.548047235696394,Regular,1
666,214.17388888888888,1228.4391413619057,-1014.2652524730169,-473.570918348131,High-Value,0
667,108.57533333333333,48.02110041761273,60.554232915720604,55.771629758496964,Lost,1
668,27.212777777777774,5.695063121680107,21.517714656097667,79.07209926091869,Lost,1
669,178.45255555555553,507.09144113819815,-328.6388855826426,-184.16036943798844,At-Risk,0
670,47.385111111111115,382.55674617605405,-335.17163506494296,-707.3353363654984,Regular,0
671,153.43788888888886,271.19260499658463,-117.75471610769577,-76.74422332085601,New,1
672,0.0,106.08915632037417,-106.08915632037417,-inf,Lost,1
673,398.98555555555555,224.89053169984857,174.09502385570698,43.63441769547109,At-Risk,0
674,347.26911111111116,293.07417619466713,54.194934916444026,15.60603381712921,Regular,0
675,427.0986666666667,679.3546067968755,-252.25594013020878,-59.062684999455726,Regular,0
676,711.75,437.97440585714287,273.77559414285713,38.465134407145364,Regular,0
677,362.1367777777778,775.8356544608541,-413.6988766830763,-114.23829394564811,Regular,0
678,0.0,-98.67573969788617,98.67573969788617,inf,Lost,1
679,428.70466666666675,1160.7392671701523,-732.0346005034855,-170.75498762243907,High-Value,0
680,436.2398888888888,308.381914813334,127.85797407555481,29.309097432885256,New,1
681,16.222222222222225,199.99792541670143,-183.7757031944792,-1132.863923801584,Regular,1
682,767.7977777777778,964.8207230198263,-197.02294524204854,-25.660786074725067,At-Risk,0
683,495.90522222222216,858.4467101822227,-362.5414879600005,-73.10701152437964,Regular,0
684,652.993111111111,888.8534350508633,-235.86032393975222,-36.11987935652495,Loyal,0
685,981.7932222222222,368.72266862607546,613.0705535961467,62.44395863810337,Regular,1
686,132.65722222222223,-9.429387612511107,142.08660983473334,107.1080846218198,Lost,1
687,160.96499999999997,-4.396798458806586,165.36179845880656,102.73152452943594,Lost,1
688,43.76755555555556,80.92546616131108,-37.15791060575552,-84.8982999715161,Lost,1
689,1535.2913888888888,756.1156439129081,779.1757449759807,50.751000794701305,High-Value,0
690,31.33322222222222,337.68349882553844,-306.3502766033162,-977.717115815959,New,1
691,473.69699999999995,316.8677977353549,156.82920226464506,33.10749324244086,Regular,0
692,334.8185555555556,100.6130354724828,234.20552008307277,69.94998222080665,Lost,1
693,918.8185555555555,1488.93705756956,-570.1185020140045,-62.04908450823432,High-Value,0
694,999.4105555555557,794.4179086432141,204.99264691234157,20.51135499548427,Loyal,0
695,376.8016666666667,31.02347351225154,345.77819315441513,91.7666304964367,Lost,1
696,65.52966666666667,369.2788230973456,-303.7491564306789,-463.529225588429,New,1
697,1408.1294444444447,1562.3299426812605,-154.20049823681575,-10.950733176214003,Regular,0
698,771.8614444444444,1255.5173836179738,-483.6559391735294,-62.660979202251255,High-Value,0
699,633.3561111111111,734.490201354377,-101.13409024326586,-15.967966278219691,Regular,0
700,153.12966666666668,337.99398973297286,-184.86432306630618,-120.72404197726077,Promising,0
701,1919.5248611111112,1218.0278015150714,701.4970595960399,36.54534899797965,High-Value,0
702,707.0861111111111,923.7186506666569,-216.6325395555458,-30.637363137444556,High-Value,0
703,48.86944444444444,494.75961321274826,-445.89016876830385,-912.4109632046235,Regular,0
704,141.766,512.9363593735685,-371.17035937356854,-261.81902527656035,Regular,0
705,0.0,77.79340970612202,-77.79340970612202,-inf,Lost,1
706,724.9630000000001,1074.8429705112915,-349.8799705112914,-48.261769291852325,At-Risk,0
707,235.47366666666667,127.37778105674465,108.09588560992202,45.905721493240726,Regular,1
708,1941.6073611111112,993.5688087354176,948.0385523756936,48.827511234463266,Loyal,0
709,448.56877777777777,325.7483746981777,122.82040307960006,27.3805064382893,New,1
710,0.0,-54.34777454269448,54.34777454269448,inf,Lost,1
711,363.7833333333333,607.2136207374472,-243.43028740411387,-66.91628370480063,At-Risk,0
712,825.17375,1502.1957825171862,-677.0220325171862,-82.04599728447326,High-Value,0
713,1867.1372222222221,1425.3962396327731,441.740982589449,23.658731523958345,High-Value,0
714,884.2571111111113,619.849192773004,264.40791833810727,29.901701102054595,Regular,0
715,320.5997777777778,416.82319017547354,-96.22341239769577,-30.0135617886774,Regular,0
716,2962.623888888889,1694.6187591702292,1268.0051297186596,42.800071061136826,High-Value,0
717,0.0,-19.00586773312108,19.00586773312108,inf,Lost,1
718,350.39188888888884,564.9505241982857,-214.5586353093969,-61.233904697330075,Loyal,0
719,497.5274444444444,407.6077202706649,89.91972417377951,18.073319407371958,Regular,1
720,591.6954166666666,1067.5917226042427,-475.89630593757613,-80.42927028547085,High-Value,0
721,245.82344444444445,315.98208567748486,-70.15864123304041,-28.54025635821571,New,1
722,2956.59125,1059.4861769322595,1897.1050730677405,64.16528064431432,Loyal,0
723,0.0,-36.74003625762981,36.74003625762981,inf,Lost,1
724,216.25844444444442,147.91396831552635,68.34447612891807,31.60314793925903,Regular,1
725,1549.9116666666666,1157.565195689055,392.3464709776117,25.3141181794841,Regular,0
726,297.09377777777775,167.5617536022463,129.53202417553143,43.599709541012224,Regular,1
727,0.0,-139.59074661712503,139.59074661712503,inf,Lost,1
728,1181.6996666666664,1179.6754671491076,2.024199517558827,0.17129559859051843,At-Risk,0
729,893.9093333333333,596.4898158606989,297.4195174726344,33.27177672075257,Loyal,0
730,435.5261111111111,482.43472489731124,-46.908613786200135,-10.770562909885522,At-Risk,0
731,180.92644444444446,210.82013849831526,-29.893694053870803,-16.52256758024668,Regular,1
732,0.0,-130.3176582201,130.3176582201,inf,Lost,1
733,141.38477777777777,236.38802013468853,-95.00324235691076,-67.19481676183881,New,1
734,260.8533333333333,682.3492708127596,-421.49593747942635,-161.58349678469116,Regular,0
735,8.111111111111112,70.70793437509138,-62.59682326398027,-771.7416566792087,Regular,1
736,380.2488888888888,484.3312999592017,-104.0824110703129,-27.372180198724116,Regular,0
737,163.77144444444446,245.71469037917274,-81.94324593472828,-50.0351243849019,Regular,1
738,1102.024222222222,726.0600720156547,375.9641502065674,34.11577918391295,Regular,0
739,467.4271111111111,659.0057016299829,-191.5785905188718,-40.98576782666166,High-Value,0
740,544.7523611111111,568.3242161708655,-23.571855059754398,-4.32707717166673,Regular,0
741,906.8627777777776,977.4512088937493,-70.58843111597162,-7.783805096615066,At-Risk,0
742,413.4233333333333,523.2807847303052,-109.8574513969719,-26.57262968473927,At-Risk,0
743,105.07133333333334,-14.435521957430012,119.50685529076335,113.73878250086926,Lost,1
744,1211.3376666666666,1241.416991953497,-30.079325286830453,-2.4831495060829822,At-Risk,0
745,0.0,-129.56637807109058,129.56637807109058,inf,Lost,1
746,977.7031944444444,1289.7885873845203,-312.08539294007585,-31.92025910454457,High-Value,0
747,1109.7946666666664,837.43461161384,272.3600550528264,24.541481702275235,High-Value,0
748,318.0528888888889,336.2202473128775,-18.167358423988617,-5.712055780237024,New,0
749,529.8258888888889,864.743648817114,-334.9177599282251,-63.212796307592576,High-Value,0
750,1535.2467777777777,1297.8689198756965,237.37785790208113,15.4618698008719,Loyal,0
751,1005.3559999999998,1115.2589877272987,-109.90298772729898,-10.931748328681483,Regular,0
752,1373.2313888888887,859.4748506837436,513.756538205145,37.41223382760254,At-Risk,0
753,481.47555555555556,389.75015987997494,91.72539567558061,19.050893574387658,At-Risk,0
754,1117.640138888889,512.2334716509936,605.4066672378954,54.16830034753094,Loyal,0
755,1250.0743055555556,969.8340225271045,280.24028302845113,22.417890023258042,High-Value,0
756,113.99355555555556,147.86307627426402,-33.86952071870846,-29.71178550720958,Regular,1
757,11.736777777777778,180.65006833257206,-168.9132905547943,-1439.1794217541712,Lost,1
758,471.2555555555555,695.923842997515,-224.66828744195948,-47.674406124953094,High-Value,0
759,1192.9903333333332,1228.620881312221,-35.63054797888776,-2.9866585657347686,Loyal,0
760,772.9564444444445,943.0859952406183,-170.12955079617382,-22.010237707307414,At-Risk,0
761,601.8282222222223,501.5551291410731,100.27309308114917,16.66141423393132,New,1
762,0.0,68.61849601281517,-68.61849601281517,-inf,Lost,1
763,346.2714444444444,268.8673107206802,77.40413372376418,22.353600034201737,Promising,0
764,472.1153333333333,710.2141348818103,-238.098801548477,-50.432338188933436,Regular,0
765,847.8645833333333,1369.2458868772012,-521.381303543868,-61.49346414424882,High-Value,0
766,1645.5416666666665,1542.575567509798,102.9660991568685,6.257276934557628,High-Value,0
767,1442.6523611111108,777.4770312179219,665.175329893189,46.10780447348245,Regular,0
768,139.17044444444443,274.698572804243,-135.52812835979856,-97.38283793000328,New,1
769,498.59,334.2935674740969,164.29643252590307,32.95221174229388,New,1
770,167.50255555555557,416.8738483985175,-249.37129284296194,-148.87611237683652,Promising,0
771,0.0,-95.18956359048383,95.18956359048383,inf,Lost,1
772,947.5886666666668,1160.943959610702,-213.35529294403523,-22.5156020169126,High-Value,0
773,240.85133333333334,319.72454363232123,-78.87321029898789,-32.7476743464106,Regular,1
774,1699.4298611111108,1575.8660850080419,123.5637761030689,7.2708959004804825,High-Value,0
775,470.2497777777778,249.1521131678776,221.09766460990022,47.01706945077656,Lost,1
776,303.6151111111111,718.1230713976643,-414.50796028655316,-136.5241534815636,Regular,0
777,1362.9911111111112,798.7962196399997,564.1948914711115,41.39387901152044,High-Value,0
778,378.49688888888886,240.48089531233245,138.0159935765564,36.46423461543227,New,0
779,825.7760000000001,444.77412140275754,381.0018785972425,46.138647599015044,Regular,1
780,1393.269888888889,718.2393739952865,675.0305148936025,48.449372248468585,Regular,0
781,287.6686666666667,456.30591730001265,-168.63725063334596,-58.62204340410586,New,1
782,157.49344444444444,690.266632301168,-532.7731878567236,-338.2827709026698,High-Value,0
783,229.71477777777773,374.8232380480292,-145.1084602702515,-63.168970526844824,Regular,0
784,114.41533333333335,433.6774591934112,-319.26212586007784,-279.0378846600495,New,1
785,951.5631111111112,1803.1386110174074,-851.5754999062962,-89.49227749191931,Loyal,0
786,2303.758333333333,980.3559529058691,1323.402380427464,57.44536487525663,High-Value,0
787,681.0007777777778,351.0254888962675,329.97528888151027,48.45446578758341,At-Risk,1
788,40.50688888888888,488.2744865430234,-447.76759765413453,-1105.410980543011,Regular,0
789,1984.7381944444446,1178.793606519191,805.9445879252537,40.6070982148277,At-Risk,0
790,868.034888888889,640.0870840907985,227.9478047980905,26.26021231587484,Regular,0
791,0.0,-28.129665287139062,28.129665287139062,inf,Lost,1
792,415.66200000000003,460.6102449353673,-44.948244935367256,-10.813652663791073,Regular,0
793,0.0,-70.7706097557147,70.7706097557147,inf,Lost,1
794,125.09766666666667,281.9815261468781,-156.8838594802114,-125.40910127304113,New,1
795,81.56533333333334,405.1371501484255,-323.5718168150922,-396.70262302827854,Regular,1
796,637.1115555555556,668.014483744894,-30.902928189338468,-4.850473660361001,High-Value,0
797,130.8808888888889,294.5803491454077,-163.6994602565188,-125.07514400783994,New,1
798,1284.5728888888889,1167.9514669343596,116.6214219545293,9.078614609047433,Regular,0
799,2985.2741666666666,1998.7989945598267,986.4751721068399,33.044709364444415,Loyal,0
800,541.4491111111112,291.47967589569066,249.9694352154205,46.166745883552494,Regular,1
801,953.5016666666667,1087.4808174918048,-133.97915082513816,-14.05127599760932,Loyal,0
802,305.8375555555555,315.7331889619653,-9.895633406409786,-3.2355847823967583,Regular,1
803,0.0,-132.5142149004658,132.5142149004658,inf,Lost,1
804,564.7928888888889,705.6883718006542,-140.89548291176527,-24.946398172425198,At-Risk,0
805,382.9093333333333,925.4401894291839,-542.5308560958506,-141.68650614310368,At-Risk,0
806,793.6316666666667,990.8056672233397,-197.17400055667304,-24.844522823140842,Loyal,0
807,197.6677777777778,383.2261133731237,-185.55833559534594,-93.87384108903903,At-Risk,0
808,197.8786666666667,549.7260600490702,-351.8473933824034,-177.8096645330152,Regular,0
809,324.3065555555556,515.2004726169922,-190.89391706143664,-58.86218264519029,Regular,0
810,403.17088888888895,432.9501053297396,-29.779216440850632,-7.386251651978169,Regular,0
811,0.0,72.17234399692825,-72.17234399692825,-inf,Lost,1
812,863.8576666666667,1342.0310650902957,-478.173398423629,-55.353262102625976,High-Value,0
813,694.522,402.5983423983083,291.92365760169173,42.0323125259807,Promising,0
814,88.85722222222222,229.11224248239387,-140.25502026017165,-157.84312940754455,Lost,1
815,726.5122222222222,1521.7496697443746,-795.2374475221524,-109.45961034072029,High-Value,0
816,95.43533333333333,547.6523627118704,-452.21702937853706,-473.84654465348655,Regular,1
817,328.45944444444444,263.47002486625655,64.98941957818789,19.78613210166961,New,1
818,498.8576666666666,669.326344545201,-170.46867787853438,-34.17180676355936,High-Value,0
819,296.76933333333335,440.95526473034886,-144.1859313970155,-48.58518559768603,New,1
820,258.3145555555556,303.97505758033043,-45.660502024774814,-17.676317901084992,Regular,0
821,2988.366527777778,1543.1803159338642,1445.186211843914,48.360406878154585,High-Value,0
822,1217.3642222222222,650.8930728482981,566.4711493739242,46.53259386413267,Regular,0
823,80.7298888888889,165.47681982518992,-84.74693093630103,-104.97590434311252,Lost,1
824,772.7617777777778,481.84973073451727,290.9120470432605,37.64576036354087,Regular,0
825,756.6936666666666,724.4802590973262,32.21340756934035,4.257126627112471,High-Value,0
826,0.0,168.12003542452902,-168.12003542452902,-inf,Regular,1
827,8.111111111111112,-40.18186126214874,48.29297237325986,595.3928100812858,Lost,1
828,736.9836666666666,553.0851295679008,183.89853709876581,24.9528646856623,At-Risk,0
829,1076.9933333333333,866.0336382590551,210.95969507427822,19.5878366694574,High-Value,0
830,711.9771111111112,630.3743442338426,81.60276687726855,11.461431217910826,Loyal,0
831,762.8094444444444,855.50534011375,-92.69589566930563,-12.151907182640644,High-Value,0
832,615.0493333333334,662.320644226052,-47.27131089271859,-7.685775486744465,Regular,0
833,0.0,90.82710357009853,-90.82710357009853,-inf,Lost,1
834,0.0,-91.35104923198156,91.35104923198156,inf,Lost,1
835,829.3205555555555,834.0443590211144,-4.723803465558831,-0.5695992260066906,Loyal,0
836,211.31066666666663,249.42497759333293,-38.11431092666629,-18.03709747733178,At-Risk,0
837,61.52277777777777,1467.4163863840492,-1405.8936086062715,-2285.1595122775566,High-Value,0
838,367.0602222222222,556.4875203212077,-189.42729809898555,-51.606599307375845,High-Value,0
839,290.5156666666667,633.2634218297708,-342.7477551631041,-117.97909527418628,High-Value,0
840,709.0895555555556,453.7485176216781,255.34103793387754,36.009702291246356,New,1
841,222.3498888888889,111.47417903600655,110.87570985288235,49.86542174900225,Regular,1
842,0.0,-59.101798963388035,59.101798963388035,inf,Lost,1
843,1252.761111111111,1232.7972331691599,19.96387794195107,1.5935901717323038,High-Value,0
844,32.501222222222225,548.3940610697019,-515.8928388474797,-1587.3028876272401,Regular,0
845,113.87188888888886,553.0925279146948,-439.2206390258059,-385.7147214396153,At-Risk,0
846,481.7026666666667,912.2514367569593,-430.5487700902926,-89.38060755811176,High-Value,0
847,637.4116666666666,1230.5063245876406,-593.094657920974,-93.04734897974998,High-Value,0
848,81.176,158.92092841859647,-77.74492841859647,-95.77329311446299,Regular,1
849,0.0,26.120882482382683,-26.120882482382683,-inf,Lost,1
850,1799.2269444444444,782.4417708366253,1016.785173607819,56.512335853317076,High-Value,0
851,302.512,436.2862550164824,-133.7742550164824,-44.22113999328371,Regular,0
852,38.11411111111111,770.7206198340305,-732.6065087229193,-1922.1398252925496,High-Value,0
853,27.658888888888892,174.35880796091584,-146.69991907202694,-530.389776904448,Regular,1
854,425.9549999999999,765.8252716558478,-339.8702716558479,-79.79018245022314,At-Risk,0
855,596.1058333333334,645.7980135860091,-49.69218025267571,-8.336133866498937,High-Value,0
856,741.0230000000001,1276.6911013370059,-535.6681013370057,-72.28764847204549,High-Value,0
857,1486.2901388888886,962.006125292175,524.2840135967135,35.27467483493192,High-Value,0
858,0.0,241.8751298466325,-241.8751298466325,-inf,Regular,1
859,473.59155555555554,392.0893295048237,81.50222605073185,17.209391741608254,Promising,0
860,0.0,314.71705812369686,-314.71705812369686,-inf,Regular,1
861,119.53344444444446,389.85308916156805,-270.3196447171236,-226.1456163783183,Regular,1
862,628.7003333333333,384.4167588760052,244.28357445732814,38.8553276506393,Regular,0
863,0.0,358.1317915522485,-358.1317915522485,-inf,At-Risk,0
864,1353.318611111111,1247.1355922342595,106.18301887685152,7.84612123154594,High-Value,0
865,1573.8293055555553,1289.7381663003835,284.0911392551718,18.050949887153664,High-Value,0
866,490.852,580.2882656787782,-89.43626567877823,-18.220617554533387,At-Risk,0
867,0.0,98.72330120364825,-98.72330120364825,-inf,Lost,1
868,930.1416666666667,800.8586463538632,129.2830203128035,13.899282759379325,High-Value,0
869,803.8719444444445,455.81591000720596,348.0560344372385,43.29744766472474,Regular,0
870,254.8105555555555,633.6085490661211,-378.79799351056556,-148.6586741607639,Regular,0
871,1234.7301111111112,768.1539676153499,466.57614349576136,37.78770269689932,Regular,0
872,397.48499999999996,340.24261842203333,57.242381577966626,14.401142578453685,Regular,1
873,276.70244444444444,201.65081260151203,75.05163184293241,27.12358829847673,Lost,1
874,280.70933333333335,1318.8571433341328,-1038.1478100007994,-369.83017189814353,High-Value,0
875,932.648,864.5045550616189,68.1434449383811,7.306448406942501,Regular,0
876,1525.6087499999999,701.3756132433662,824.2331367566337,54.02650822215288,Regular,0
877,234.987,137.46353903810302,97.52346096189697,41.501640925624386,Lost,1
878,756.6774444444444,898.2684376445138,-141.59099320006942,-18.7121995296194,High-Value,0
879,1072.359861111111,1505.8728657768395,-433.51300466572843,-40.426075274446575,Loyal,0
880,197.6921111111111,348.4033526278543,-150.7112415167432,-76.23533416163343,New,1
881,626.4373333333333,618.9455689571873,7.491764376145966,1.1959319755547722,At-Risk,0
882,769.5984444444443,493.03716964962473,276.5612747948196,35.935789214655045,Regular,1
883,151.5398888888889,18.658865780318536,132.88102310857036,87.68715886151965,Lost,1
884,0.0,-82.1147101389883,82.1147101389883,inf,Lost,1
885,866.0943055555554,682.9233391860374,183.17096636951794,21.149078708238715,High-Value,0
886,30.481555555555556,676.9500086546659,-646.4684530991103,-2120.85125354203,Loyal,0
887,298.77277777777783,924.8380987382895,-626.0653209605117,-209.54563719528977,At-Risk,0
888,0.0,201.36363976564542,-201.36363976564542,-inf,Regular,1
889,698.6992222222221,1117.196437981557,-418.49721575933484,-59.89661966823133,Loyal,0
890,0.0,-79.3194953310022,79.3194953310022,inf,Lost,1
891,122.77788888888891,181.3449873313507,-58.567098442461784,-47.70166596972817,Lost,1
892,310.20944444444444,571.8585358235667,-261.6490913791223,-84.34594628403751,Regular,0
893,323.1547777777778,641.5167790255517,-318.36200124777395,-98.5168789510209,Regular,0
894,0.0,373.4157894505445,-373.4157894505445,-inf,At-Risk,0
895,841.9090000000001,1754.4321642308535,-912.5231642308534,-108.38738678774705,High-Value,0
896,1048.6125555555554,621.4383877042189,427.1741678513365,40.737083071165344,Regular,0
897,162.0762222222222,280.8104998950047,-118.73427767278247,-73.25829541484886,Promising,0
898,383.72855555555543,433.4112818383461,-49.68272628279067,-12.94736228604642,New,1
899,259.64477777777773,141.5848841145587,118.05989366321904,45.46977400187228,Regular,1
900,0.0,-21.284996629303976,21.284996629303976,inf,Lost,1
901,2240.4429999999998,1124.650994386092,1115.7920056139078,49.80229381483519,High-Value,0
902,727.8667777777778,469.6513716053181,258.21540617245967,35.475641155213495,Regular,1
903,125.00844444444445,110.51835954533385,14.490084899110599,11.591284863599915,Lost,1
904,148.58744444444446,330.42961276450364,-181.8421683200592,-122.38057461715641,Regular,1
905,125.341,279.6618676245297,-154.32086762452968,-123.12082050129622,Lost,1
906,351.6328888888889,471.333351007109,-119.70046211822012,-34.04131578717138,At-Risk,1
907,908.12,932.8229115848549,-24.70291158485486,-2.7202254751414854,High-Value,0
908,669.0368888888888,1053.8098873881731,-384.7729984992843,-57.51147730258951,High-Value,0
909,1655.8427777777777,674.6655567174738,981.1772210603039,59.255457959426074,High-Value,0
910,46.32255555555555,283.4808630341305,-237.15830747857495,-511.9715538883565,At-Risk,0
911,395.1023611111111,558.9573257238548,-163.85496461274363,-41.47152250671166,Regular,0
912,130.09411111111112,193.65336597310142,-63.5592548619903,-48.856365840960656,Regular,1
913,353.63633333333337,375.89523859248834,-22.25890525915497,-6.294292514953207,New,1
914,680.0517777777777,514.5856700165615,165.46610776121622,24.33139845644018,Regular,0
915,112.19288888888887,395.57133340541867,-283.3784445165298,-252.58146690310815,Regular,0
916,215.69877777777776,475.6354519381758,-259.936674160398,-120.50910850695504,New,1
917,1298.2644444444443,920.8364630056458,377.4279814387985,29.071733655950826,Loyal,0
918,0.0,-49.9691955377113,49.9691955377113,inf,Lost,1
919,301.4332222222222,78.79329341177248,222.6399288104497,73.86044815137045,Lost,1
920,10.79588888888889,138.84920512263562,-128.05331623374673,-1186.1303645458872,New,1
921,1054.7364444444445,532.590931177985,522.1455132664595,49.504832796546275,At-Risk,1
922,277.28644444444444,422.7220968340271,-145.43565238958269,-52.449607726396216,At-Risk,0
923,433.8795555555555,581.6609021230574,-147.78134656750194,-34.06045403044566,Loyal,0
924,0.0,315.88077827618724,-315.88077827618724,-inf,Regular,1
925,512.4843333333332,878.840190014847,-366.35585668151384,-71.48625486727346,Regular,0
926,1462.1291666666666,954.4650945818903,507.6640720847763,34.72087717408298,At-Risk,0
927,518.9975555555556,683.5020343704616,-164.50447881490607,-31.696580659000205,High-Value,0
928,71.321,107.84270856631082,-36.52170856631082,-51.20751050365365,New,1
929,41.407222222222224,560.3428250373967,-518.9356028151744,-1253.249010595728,At-Risk,0
930,0.0,-167.29144943233467,167.29144943233467,inf,Lost,1
931,217.00466666666668,437.57942331491984,-220.57475664825316,-101.64516737654787,Regular,0
932,55.87744444444445,101.9375090392848,-46.060064594840355,-82.43051387333055,Regular,1
933,0.0,78.9735035608233,-78.9735035608233,-inf,Lost,1
934,474.53244444444437,1093.8396123138957,-619.3071678694514,-130.50891991052393,High-Value,0
935,0.0,13.78398605358933,-13.78398605358933,-inf,Lost,1
936,234.85722222222222,344.9910125795138,-110.13379035729156,-46.893933818685305,Regular,1
937,242.17344444444444,201.7675661854849,40.40587825895955,16.68468578446008,Lost,1
938,143.03944444444446,359.404478606628,-216.36503416218355,-151.2624961614824,New,1
939,1329.613888888889,1436.7950234242612,-107.18113453537217,-8.0610721225949,High-Value,0
940,2161.6313888888885,958.1557410879561,1203.4756478009324,55.67441581330558,Loyal,0
941,0.0,63.03478122899742,-63.03478122899742,-inf,Lost,1
942,487.73733333333325,248.86357154177966,238.8737617915536,48.97590269726197,Lost,1
943,263.9112222222222,308.5712727323207,-44.66005051009853,-16.922376446914885,New,1
944,671.2674444444443,490.7530205670441,180.51442387740025,26.891580304002073,Regular,0
945,1202.6668888888887,923.278335656813,279.38855323207565,23.230751242365635,Regular,0
946,1543.7168055555553,925.1418625507936,618.5749430047617,40.07049355028223,High-Value,0
947,0.0,-133.65136102603554,133.65136102603554,inf,Lost,1
948,509.04522222222226,810.9335905967503,-301.888368374528,-59.304823067907996,Regular,0
949,1486.718,699.7069229839262,787.0110770160738,52.93613698200155,At-Risk,0
950,373.71133333333336,593.7752203944946,-220.0638870611612,-58.88606189656933,Loyal,0
951,0.0,-132.7611342851755,132.7611342851755,inf,Lost,1
952,1078.3215277777779,473.14702554676006,605.1745022310179,56.12189747135727,Regular,0
953,93.76444444444445,303.57182341680925,-209.8073789723648,-223.76006194616332,Regular,1
954,409.91122222222225,43.8561306905828,366.05509153163945,89.30106610577073,Lost,1
955,65.72433333333333,104.65585827479146,-38.93152494145812,-59.23456803130974,Lost,1
956,256.92755555555556,767.0072691599096,-510.079713604354,-198.5305595195527,Loyal,0
957,204.91911111111108,607.5528606374621,-402.63374952635104,-196.48423582514727,At-Risk,0
958,1257.7190277777775,802.7069217786714,455.0121059991061,36.177563982875576,High-Value,0
959,0.0,274.9087819078564,-274.9087819078564,-inf,Regular,1
960,823.7482222222224,522.9420224240736,300.8061997981488,36.51676467193642,Regular,0
961,485.6446666666667,1072.1234055982345,-586.4787389315678,-120.76293207480253,High-Value,0
962,165.87222222222223,269.95502167258996,-104.08279945036773,-62.748782198701115,At-Risk,1
963,19.40177777777778,442.6095961508924,-423.2078183731146,-2181.2837113197133,At-Risk,0
964,243.95788888888887,310.9412725029201,-66.98338361403125,-27.45694509782341,Promising,0
965,1915.2462499999997,965.4929259468968,949.7533240531029,49.58909717500312,High-Value,0
966,294.3603333333333,802.7559890690083,-508.39565573567495,-172.71201251153914,High-Value,0
967,350.0998888888889,387.59954581293294,-37.49965692404402,-10.711130769865875,Regular,1
968,0.0,32.83027473916633,-32.83027473916633,-inf,Lost,1
969,107.84533333333334,22.41761001692663,85.42772331640671,79.21318491581157,Lost,1
970,18.98,140.0000263853929,-121.02002638539291,-637.6186848545464,Regular,1
971,820.0130555555554,1090.6115645873933,-270.5985090318379,-32.99929277937027,High-Value,0
972,963.9082222222223,1198.630695910831,-234.72247368860872,-24.351122677164494,Loyal,0
973,0.0,65.05135646388874,-65.05135646388874,-inf,Lost,1
974,122.31555555555556,151.5206023634708,-29.205046807915238,-23.876805100762795,Lost,1
975,0.0,-146.2448191780473,146.2448191780473,inf,Lost,1
976,458.15611111111104,524.8035148304089,-66.64740371929781,-14.546876512825696,Regular,0
977,1159.824,908.5952469757673,251.2287530242328,21.660937609864323,Regular,0
978,228.72522222222224,375.57875623665564,-146.8535340144334,-64.2052208268291,New,1
979,0.0,4.801108859686053,-4.801108859686053,-inf,Lost,1
980,851.918111111111,483.4992742245275,368.4188368865835,43.24580403697189,New,1
981,1579.7524444444446,965.3917692558819,614.3606751885627,38.88968030080285,At-Risk,0
982,313.6647777777778,299.61259923110504,14.052178546672735,4.479998884869467,Regular,1
983,422.07788888888894,719.6614777750314,-297.5835888861424,-70.50442506465451,High-Value,0
984,161.92211111111112,94.15367898413001,67.76843212698111,41.85248800299938,Lost,1
985,378.1886666666667,404.77518326004434,-26.586516593377667,-7.029961216899943,Regular,0
986,1662.9805555555556,1299.5796251367174,363.40093041883824,21.85238601887537,High-Value,0
987,296.12044444444444,157.50806539512052,138.61237904932392,46.80945934326705,Lost,1
988,681.4874444444445,485.93947608734754,195.54796835709692,28.69428775999089,At-Risk,0
989,2043.5944444444444,1539.7792197005638,503.81522474388066,24.653385906069243,High-Value,0
990,1294.4927777777775,757.3606742977078,537.1321034800698,41.493634626695304,Regular,0
991,0.0,29.52366043900622,-29.52366043900622,-inf,Lost,1
992,97.35766666666666,369.1952343454876,-271.83756767882096,-279.2153684306536,At-Risk,0
993,429.02100000000013,724.2939489267104,-295.2729489267103,-68.82482417567209,High-Value,0
994,387.0622222222222,368.9239244182478,18.13829780397441,4.686145214544021,Regular,1
995,19.799222222222223,205.25481637696544,-185.4555941547432,-936.6812093587789,Regular,1
996,692.3563333333334,428.4134944849682,263.94283884836517,38.12239827107792,Regular,0
997,586.4657777777778,533.1182313975794,53.34754638019842,9.09644661319228,Regular,0
998,0.0,28.97075472558305,-28.97075472558305,-inf,Regular,1
999,1338.0393055555555,941.8274852320392,396.21182032351635,29.6113737973496,High-Value,0
1000,443.1667777777778,229.95497608663743,213.21180169114035,48.11096236957852,Regular,1
