customer_id,recency,frequency,monetary,last_purchase_date,first_purchase_date,avg_order_value,R_score,F_score,M_score,RFM_score,RFM_weighted_score,segment,segment_priority
1,76,8,1011.81,2024-10-15,2022-09-22,126.47625,3,3,2,8,2.8,Regular,6
2,0,8,1352.94,2024-12-30,2022-05-10,169.1175,5,3,3,11,4.0,Regular,6
3,20,15,2913.26,2024-12-10,2022-03-19,194.21733333333336,5,5,5,15,5.0,High-Value,1
4,175,6,1225.25,2024-07-08,2022-03-11,204.20833333333334,2,2,3,7,2.2,Regular,6
5,197,9,1889.14,2024-06-16,2022-01-16,209.90444444444447,2,4,4,10,3.0,At-Risk,3
6,274,9,3552.1400000000003,2024-03-31,2022-04-09,394.68222222222226,2,4,5,11,3.2,At-Risk,3
7,291,1,214.92,2024-03-14,2024-03-14,214.92,1,1,1,3,1.0,Lost,7
8,135,16,2356.34,2024-08-17,2022-07-26,147.27125,3,5,4,12,3.8,Loyal,2
9,14,12,4239.95,2024-12-16,2022-02-18,353.32916666666665,5,4,5,14,4.7,High-Value,1
10,14,12,1765.5199999999998,2024-12-16,2022-09-28,147.12666666666664,5,4,3,12,4.300000000000001,Regular,6
11,495,6,630.72,2023-08-23,2022-01-17,105.12,1,2,2,5,1.5,Lost,7
12,378,1,176.56,2023-12-18,2023-12-18,176.56,1,1,1,3,1.0,Lost,7
13,634,3,355.39000000000004,2023-04-06,2022-06-29,118.46333333333335,1,1,1,3,1.0,Lost,7
14,367,4,536.71,2023-12-29,2022-06-22,134.1775,1,2,1,4,1.3,Lost,7
15,19,4,330.15,2024-12-11,2023-01-30,82.5375,5,2,1,8,3.3000000000000003,New,5
16,445,4,712.84,2023-10-12,2022-05-08,178.21,1,2,2,5,1.5,Lost,7
17,102,5,270.3,2024-09-19,2022-01-29,54.06,3,2,1,6,2.3000000000000003,Regular,6
18,837,2,186.57,2022-09-15,2022-01-10,93.285,1,1,1,3,1.0,Lost,7
19,89,13,2262.98,2024-10-02,2022-07-27,174.07538461538462,3,5,4,12,3.8,Loyal,2
20,250,8,1547.76,2024-04-24,2022-04-27,193.47,2,3,3,8,2.5,At-Risk,3
21,50,4,328.35,2024-11-10,2023-08-18,82.0875,4,2,1,7,2.8000000000000003,New,5
22,42,7,1817.64,2024-11-18,2022-02-01,259.66285714285715,4,3,4,11,3.7,Regular,6
23,97,6,1059.3,2024-09-24,2022-03-03,176.54999999999998,3,2,2,7,2.5,Regular,6
24,98,4,1306.29,2024-09-23,2022-02-16,326.5725,3,2,3,8,2.7,Regular,6
25,37,18,3404.7599999999998,2024-11-23,2022-01-26,189.1533333333333,4,5,5,14,4.5,High-Value,1
26,151,2,430.48,2024-08-01,2022-01-29,215.24,2,1,1,4,1.5,Lost,7
27,1031,1,211.01,2022-03-05,2022-03-05,211.01,1,1,1,3,1.0,Lost,7
28,86,6,1940.0,2024-10-05,2022-03-10,323.3333333333333,3,2,4,9,2.9000000000000004,Regular,6
29,154,5,919.91,2024-07-29,2023-01-06,183.982,2,2,2,6,2.0,Lost,7
30,117,6,728.89,2024-09-04,2022-02-26,121.48166666666667,3,2,2,7,2.5,Regular,6
31,166,5,1046.84,2024-07-17,2022-01-16,209.368,2,2,2,6,2.0,Lost,7
32,282,6,500.68999999999994,2024-03-23,2022-05-17,83.44833333333332,2,2,1,5,1.8,Lost,7
33,418,3,226.17,2023-11-08,2022-03-25,75.39,1,1,1,3,1.0,Lost,7
34,127,8,1135.4,2024-08-25,2022-08-14,141.925,3,3,3,9,3.0,Regular,6
35,337,3,903.2,2024-01-28,2023-01-14,301.06666666666666,1,1,2,4,1.2000000000000002,Lost,7
36,30,17,3633.76,2024-11-30,2022-02-22,213.75058823529412,4,5,5,14,4.5,High-Value,1
37,62,10,2568.2,2024-10-29,2022-02-22,256.82,4,4,4,12,4.0,High-Value,1
38,85,10,2844.83,2024-10-06,2022-04-09,284.483,3,4,5,12,3.7,Loyal,2
39,99,9,1749.3000000000002,2024-09-22,2022-05-08,194.36666666666667,3,4,3,10,3.3000000000000003,Regular,6
40,106,7,1519.45,2024-09-15,2022-07-15,217.06428571428572,3,3,3,9,3.0,Regular,6
41,522,2,318.46,2023-07-27,2022-11-22,159.23,1,1,1,3,1.0,Lost,7
42,19,8,1970.83,2024-12-11,2022-05-29,246.35375,5,3,4,12,4.2,Regular,6
43,344,3,727.95,2024-01-21,2023-04-22,242.65,1,1,2,4,1.2000000000000002,Lost,7
44,661,4,470.45,2023-03-10,2022-06-25,117.6125,1,2,1,4,1.3,Lost,7
45,6,11,1897.79,2024-12-24,2022-03-25,172.52636363636364,5,4,4,13,4.5,High-Value,1
46,62,14,2431.3,2024-10-29,2022-02-25,173.66428571428574,4,5,4,13,4.3,High-Value,1
47,6,9,1364.7399999999998,2024-12-24,2022-04-15,151.63777777777776,5,4,3,12,4.300000000000001,Regular,6
48,217,8,1905.42,2024-05-27,2022-02-22,238.1775,2,3,4,9,2.7,At-Risk,3
49,182,7,1083.1299999999999,2024-07-01,2022-01-03,154.7328571428571,2,3,2,7,2.3,Regular,6
50,24,6,581.65,2024-12-06,2022-03-18,96.94166666666666,5,2,2,9,3.5,New,5
51,743,1,915.14,2022-12-18,2022-12-18,915.14,1,1,2,4,1.2000000000000002,Lost,7
52,55,2,79.95,2024-11-05,2023-03-26,39.975,4,1,1,6,2.5,New,5
53,16,5,1436.04,2024-12-14,2022-02-02,287.20799999999997,5,2,3,10,3.7,Regular,6
54,19,9,3349.92,2024-12-11,2022-02-26,372.21333333333337,5,4,5,14,4.7,High-Value,1
55,789,1,907.09,2022-11-02,2022-11-02,907.09,1,1,2,4,1.2000000000000002,Lost,7
56,237,4,537.11,2024-05-07,2022-03-13,134.2775,2,2,1,5,1.8,Lost,7
57,376,2,342.92,2023-12-20,2023-10-26,171.46,1,1,1,3,1.0,Lost,7
58,121,7,2755.76,2024-08-31,2022-09-10,393.68,3,3,5,11,3.4,Regular,6
59,20,7,1094.91,2024-12-10,2023-02-16,156.4157142857143,5,3,2,10,3.8,Promising,4
60,196,9,2511.4199999999996,2024-06-17,2022-03-14,279.0466666666666,2,4,4,10,3.0,At-Risk,3
61,107,14,2410.94,2024-09-14,2022-03-01,172.21,3,5,4,12,3.8,Loyal,2
62,94,6,1185.8000000000002,2024-09-27,2023-02-21,197.63333333333335,3,2,3,8,2.7,Regular,6
63,254,13,2919.83,2024-04-20,2022-01-07,224.60230769230768,2,5,5,12,3.5,At-Risk,3
64,438,3,604.77,2023-10-19,2022-09-14,201.59,1,1,2,4,1.2000000000000002,Lost,7
65,93,6,2148.3,2024-09-28,2022-06-25,358.05,3,2,4,9,2.9000000000000004,Regular,6
66,9,16,4317.12,2024-12-21,2022-03-15,269.82,5,5,5,15,5.0,High-Value,1
67,102,5,1745.8899999999999,2024-09-19,2023-05-01,349.178,3,2,3,8,2.7,Regular,6
68,38,8,1956.7800000000002,2024-11-22,2023-04-02,244.59750000000003,4,3,4,11,3.7,Regular,6
69,275,7,828.1600000000001,2024-03-30,2022-03-08,118.30857142857144,2,3,2,7,2.3,Regular,6
70,56,13,3702.8999999999996,2024-11-04,2022-02-10,284.8384615384615,4,5,5,14,4.5,High-Value,1
71,1,1,10.0,2024-12-29,2024-12-29,10.0,5,1,1,7,3.0,New,5
72,197,4,1251.63,2024-06-16,2023-03-26,312.9075,2,2,3,7,2.2,Regular,6
73,82,17,4844.41,2024-10-09,2022-01-24,284.96529411764703,3,5,5,13,4.0,Loyal,2
74,45,7,892.4799999999999,2024-11-15,2022-03-05,127.49714285714285,4,3,2,9,3.3,Promising,4
75,93,5,1596.9699999999998,2024-09-28,2022-08-31,319.39399999999995,3,2,3,8,2.7,Regular,6
76,4,5,809.22,2024-12-26,2022-12-22,161.844,5,2,2,9,3.5,New,5
77,108,6,447.80999999999995,2024-09-13,2022-05-07,74.63499999999999,3,2,1,6,2.3000000000000003,Regular,6
78,81,10,1606.07,2024-10-10,2022-01-12,160.607,3,4,3,10,3.3000000000000003,Regular,6
79,39,8,1232.56,2024-11-21,2022-04-07,154.07,4,3,3,10,3.5,Regular,6
80,71,11,2352.8600000000006,2024-10-20,2022-04-03,213.8963636363637,4,4,4,12,4.0,High-Value,1
81,142,3,773.87,2024-08-10,2024-04-12,257.95666666666665,3,1,2,6,2.2,Regular,6
82,846,2,140.48000000000002,2022-09-06,2022-05-02,70.24000000000001,1,1,1,3,1.0,Lost,7
83,342,2,218.14,2024-01-23,2022-01-18,109.07,1,1,1,3,1.0,Lost,7
84,371,4,906.5,2023-12-25,2022-03-27,226.625,1,2,2,5,1.5,Lost,7
85,42,10,2335.0,2024-11-18,2022-04-02,233.5,4,4,4,12,4.0,High-Value,1
86,66,7,1362.65,2024-10-25,2022-02-09,194.66428571428574,4,3,3,10,3.5,Regular,6
87,722,3,1314.55,2023-01-08,2022-04-18,438.18333333333334,1,1,3,5,1.4000000000000001,Regular,6
88,238,2,313.16,2024-05-06,2022-08-01,156.58,2,1,1,4,1.5,Lost,7
89,63,19,3849.06,2024-10-28,2022-04-09,202.5821052631579,4,5,5,14,4.5,High-Value,1
90,53,14,1794.8200000000002,2024-11-07,2022-01-24,128.20142857142858,4,5,4,13,4.3,High-Value,1
91,26,18,4938.3,2024-12-04,2022-03-01,274.35,5,5,5,15,5.0,High-Value,1
92,58,3,941.0799999999999,2024-11-02,2023-04-20,313.6933333333333,4,1,2,7,2.6999999999999997,New,5
93,523,1,61.1,2023-07-26,2023-07-26,61.1,1,1,1,3,1.0,Lost,7
94,145,8,1119.2800000000002,2024-08-07,2022-01-26,139.91000000000003,2,3,2,7,2.3,Regular,6
95,142,5,1444.4199999999998,2024-08-10,2022-02-13,288.88399999999996,3,2,3,8,2.7,Regular,6
96,173,7,956.6800000000001,2024-07-10,2022-11-30,136.66857142857143,2,3,2,7,2.3,Regular,6
97,608,1,258.59,2023-05-02,2023-05-02,258.59,1,1,1,3,1.0,Lost,7
98,477,3,378.89,2023-09-10,2022-08-20,126.29666666666667,1,1,1,3,1.0,Lost,7
99,37,6,716.9200000000001,2024-11-23,2022-02-27,119.48666666666668,4,2,2,8,3.0,New,5
100,399,1,66.92,2023-11-27,2023-11-27,66.92,1,1,1,3,1.0,Lost,7
101,240,8,1473.19,2024-05-04,2022-03-29,184.14875,2,3,3,8,2.5,At-Risk,3
102,333,10,2594.43,2024-02-01,2022-01-13,259.443,1,4,4,9,2.5,At-Risk,3
103,114,3,638.39,2024-09-07,2022-09-07,212.79666666666665,3,1,2,6,2.2,Regular,6
104,3,16,3385.3099999999995,2024-12-27,2022-06-22,211.58187499999997,5,5,5,15,5.0,High-Value,1
105,14,9,2105.56,2024-12-16,2022-05-31,233.95111111111112,5,4,4,13,4.5,High-Value,1
106,44,8,1331.01,2024-11-16,2022-11-17,166.37625,4,3,3,10,3.5,Regular,6
107,47,9,4341.9400000000005,2024-11-13,2022-07-25,482.43777777777785,4,4,5,13,4.2,High-Value,1
108,452,2,322.90999999999997,2023-10-05,2022-05-23,161.45499999999998,1,1,1,3,1.0,Lost,7
109,92,5,1010.41,2024-09-29,2023-01-31,202.082,3,2,2,7,2.5,Regular,6
110,546,4,322.21,2023-07-03,2022-10-06,80.5525,1,2,1,4,1.3,Lost,7
111,1,17,4740.92,2024-12-29,2022-01-16,278.8776470588235,5,5,5,15,5.0,High-Value,1
112,160,4,852.27,2024-07-23,2022-08-06,213.0675,2,2,2,6,2.0,Lost,7
113,128,5,947.96,2024-08-24,2022-10-09,189.592,3,2,2,7,2.5,Regular,6
114,14,6,1336.69,2024-12-16,2022-11-06,222.78166666666667,5,2,3,10,3.7,Regular,6
115,364,5,1253.67,2024-01-01,2022-01-16,250.734,1,2,3,6,1.7000000000000002,Regular,6
116,23,9,1421.46,2024-12-07,2022-01-02,157.94,5,4,3,12,4.300000000000001,Regular,6
117,508,4,784.51,2023-08-10,2023-01-10,196.1275,1,2,2,5,1.5,Lost,7
118,16,8,1675.46,2024-12-14,2022-01-27,209.4325,5,3,3,11,4.0,Regular,6
119,196,4,489.41,2024-06-17,2022-01-08,122.3525,2,2,1,5,1.8,Lost,7
120,349,5,1706.6,2024-01-16,2022-03-17,341.32,1,2,3,6,1.7000000000000002,Regular,6
121,74,12,1468.93,2024-10-17,2022-01-03,122.41083333333334,4,4,3,11,3.8000000000000003,Regular,6
122,146,7,1886.9499999999998,2024-08-06,2022-01-03,269.5642857142857,2,3,4,9,2.7,At-Risk,3
123,14,11,1806.4799999999998,2024-12-16,2022-06-14,164.22545454545454,5,4,4,13,4.5,High-Value,1
124,39,5,1687.76,2024-11-21,2023-04-01,337.552,4,2,3,9,3.2,Regular,6
125,161,13,1737.7800000000002,2024-07-22,2022-03-04,133.67538461538464,2,5,3,10,3.1,At-Risk,3
126,5,14,2632.8100000000004,2024-12-25,2022-01-15,188.05785714285716,5,5,4,14,4.8,High-Value,1
127,32,13,2247.89,2024-11-28,2022-05-27,172.9146153846154,4,5,4,13,4.3,High-Value,1
128,154,14,3082.2799999999997,2024-07-29,2022-02-25,220.16285714285712,2,5,5,12,3.5,At-Risk,3
129,19,12,3318.2,2024-12-11,2022-01-25,276.51666666666665,5,4,5,14,4.7,High-Value,1
130,35,19,3140.58,2024-11-25,2022-02-02,165.29368421052632,4,5,5,14,4.5,High-Value,1
131,115,8,1097.3899999999999,2024-09-06,2022-01-16,137.17374999999998,3,3,2,8,2.8,Regular,6
132,33,14,3275.7200000000003,2024-11-27,2022-01-05,233.98000000000002,4,5,5,14,4.5,High-Value,1
133,12,16,2924.45,2024-12-18,2022-01-09,182.778125,5,5,5,15,5.0,High-Value,1
134,136,2,749.0799999999999,2024-08-16,2023-04-13,374.53999999999996,3,1,2,6,2.2,Regular,6
135,58,9,2122.3,2024-11-02,2022-02-10,235.81111111111113,4,4,4,12,4.0,High-Value,1
136,24,13,2133.1800000000003,2024-12-06,2022-01-27,164.09076923076924,5,5,4,14,4.8,High-Value,1
137,186,2,1223.69,2024-06-27,2022-03-03,611.845,2,1,3,6,1.9000000000000001,Regular,6
138,238,10,1477.4099999999999,2024-05-06,2022-03-23,147.74099999999999,2,4,3,9,2.8000000000000003,At-Risk,3
139,334,5,552.7399999999999,2024-01-31,2022-08-01,110.54799999999997,1,2,1,4,1.3,Lost,7
140,952,1,207.44,2022-05-23,2022-05-23,207.44,1,1,1,3,1.0,Lost,7
141,50,6,1205.28,2024-11-10,2022-10-08,200.88,4,2,3,9,3.2,Regular,6
142,322,7,2578.75,2024-02-12,2022-08-02,368.39285714285717,1,3,4,8,2.2,At-Risk,3
143,129,13,1998.73,2024-08-23,2022-02-24,153.74846153846153,3,5,4,12,3.8,Loyal,2
144,140,23,3590.47,2024-08-12,2022-01-13,156.10739130434783,3,5,5,13,4.0,Loyal,2
145,35,12,2673.4700000000003,2024-11-25,2022-05-20,222.7891666666667,4,4,5,13,4.2,High-Value,1
146,713,1,123.25,2023-01-17,2023-01-17,123.25,1,1,1,3,1.0,Lost,7
147,202,12,6286.32,2024-06-11,2022-01-22,523.86,2,4,5,11,3.2,At-Risk,3
148,567,1,166.87,2023-06-12,2023-06-12,166.87,1,1,1,3,1.0,Lost,7
149,493,3,280.18,2023-08-25,2022-06-25,93.39333333333333,1,1,1,3,1.0,Lost,7
150,4,2,378.57,2024-12-26,2024-05-18,189.285,5,1,1,7,3.0,New,5
151,26,8,969.05,2024-12-04,2022-02-08,121.13125,5,3,2,10,3.8,Promising,4
152,214,1,545.93,2024-05-30,2024-05-30,545.93,2,1,1,4,1.5,Lost,7
153,494,1,304.64,2023-08-24,2023-08-24,304.64,1,1,1,3,1.0,Lost,7
154,226,6,1479.4499999999998,2024-05-18,2022-07-31,246.57499999999996,2,2,3,7,2.2,Regular,6
155,105,16,3998.56,2024-09-16,2022-02-06,249.91,3,5,5,13,4.0,Loyal,2
156,84,7,1257.6,2024-10-07,2022-04-05,179.65714285714284,3,3,3,9,3.0,Regular,6
157,118,2,185.78,2024-09-03,2022-04-27,92.89,3,1,1,5,2.0,Regular,6
158,84,12,2151.58,2024-10-07,2022-05-13,179.29833333333332,3,4,4,11,3.5,Loyal,2
159,13,4,488.04,2024-12-17,2022-10-26,122.01,5,2,1,8,3.3000000000000003,New,5
160,803,1,337.3,2022-10-19,2022-10-19,337.3,1,1,1,3,1.0,Lost,7
161,53,11,3406.6200000000003,2024-11-07,2022-04-28,309.6927272727273,4,4,5,13,4.2,High-Value,1
162,229,4,182.36,2024-05-15,2022-01-09,45.59,2,2,1,5,1.8,Lost,7
163,485,5,1007.3,2023-09-02,2023-05-06,201.45999999999998,1,2,2,5,1.5,Lost,7
164,370,2,386.03999999999996,2023-12-26,2023-04-11,193.01999999999998,1,1,1,3,1.0,Lost,7
165,337,5,682.01,2024-01-28,2022-02-19,136.402,1,2,2,5,1.5,Lost,7
166,71,6,880.77,2024-10-20,2022-09-17,146.795,4,2,2,8,3.0,New,5
167,261,5,655.3399999999999,2024-04-13,2022-11-04,131.06799999999998,2,2,2,6,2.0,Lost,7
168,56,2,1112.87,2024-11-04,2022-12-01,556.435,4,1,2,7,2.6999999999999997,New,5
169,29,17,4486.22,2024-12-01,2022-04-13,263.8952941176471,4,5,5,14,4.5,High-Value,1
170,5,1,10.33,2024-12-25,2024-12-25,10.33,5,1,1,7,3.0,New,5
171,56,6,580.41,2024-11-04,2022-06-28,96.735,4,2,2,8,3.0,New,5
172,31,14,5475.94,2024-11-29,2022-02-08,391.1385714285714,4,5,5,14,4.5,High-Value,1
173,103,5,641.5,2024-09-18,2022-08-07,128.3,3,2,2,7,2.5,Regular,6
174,262,12,3662.4199999999996,2024-04-12,2022-02-07,305.20166666666665,2,4,5,11,3.2,At-Risk,3
175,102,12,3504.73,2024-09-19,2022-03-08,292.06083333333333,3,4,5,12,3.7,Loyal,2
176,508,8,1021.92,2023-08-10,2022-03-15,127.74,1,3,2,6,1.7999999999999998,Regular,6
177,871,2,76.71,2022-08-12,2022-04-07,38.355,1,1,1,3,1.0,Lost,7
178,56,11,2059.7799999999997,2024-11-04,2022-01-01,187.25272727272724,4,4,4,12,4.0,High-Value,1
179,518,3,1317.94,2023-07-31,2022-02-03,439.31333333333333,1,1,3,5,1.4000000000000001,Regular,6
180,168,10,1801.0800000000002,2024-07-15,2022-03-28,180.108,2,4,4,10,3.0,At-Risk,3
181,45,9,1578.9999999999998,2024-11-15,2022-05-10,175.44444444444443,4,4,3,11,3.8000000000000003,Regular,6
182,408,2,562.36,2023-11-18,2022-11-26,281.18,1,1,2,4,1.2000000000000002,Lost,7
183,94,6,1281.3100000000002,2024-09-27,2022-10-13,213.5516666666667,3,2,3,8,2.7,Regular,6
184,68,6,1007.73,2024-10-23,2022-05-17,167.955,4,2,2,8,3.0,New,5
185,497,1,666.22,2023-08-21,2023-08-21,666.22,1,1,2,4,1.2000000000000002,Lost,7
186,2,7,1300.0199999999998,2024-12-28,2022-03-25,185.71714285714282,5,3,3,11,4.0,Regular,6
187,39,10,1015.5700000000002,2024-11-21,2022-03-15,101.55700000000002,4,4,2,10,3.6,Promising,4
188,19,21,4496.18,2024-12-11,2022-01-29,214.10380952380953,5,5,5,15,5.0,High-Value,1
189,468,8,1793.27,2023-09-19,2022-03-14,224.15875,1,3,3,7,2.0,At-Risk,3
190,47,11,2283.18,2024-11-13,2022-07-21,207.56181818181815,4,4,4,12,4.0,High-Value,1
191,56,5,541.97,2024-11-04,2022-04-18,108.394,4,2,1,7,2.8000000000000003,New,5
192,506,5,688.65,2023-08-12,2022-02-03,137.73,1,2,2,5,1.5,Lost,7
193,363,15,2098.46,2024-01-02,2022-02-03,139.89733333333334,1,5,4,10,2.8,At-Risk,3
194,90,10,3272.77,2024-10-01,2022-05-20,327.277,3,4,5,12,3.7,Loyal,2
195,269,2,488.66999999999996,2024-04-05,2022-08-22,244.33499999999998,2,1,1,4,1.5,Lost,7
196,6,10,1300.34,2024-12-24,2022-02-07,130.034,5,4,3,12,4.300000000000001,Regular,6
197,285,2,288.40999999999997,2024-03-20,2024-01-10,144.20499999999998,2,1,1,4,1.5,Lost,7
198,131,4,426.2,2024-08-21,2022-08-19,106.55,3,2,1,6,2.3000000000000003,Regular,6
199,4,12,3497.38,2024-12-26,2022-05-16,291.4483333333333,5,4,5,14,4.7,High-Value,1
200,182,7,1216.1399999999999,2024-07-01,2022-11-04,173.7342857142857,2,3,3,8,2.5,At-Risk,3
201,5,15,2495.82,2024-12-25,2022-01-17,166.388,5,5,4,14,4.8,High-Value,1
202,8,7,1412.62,2024-12-22,2022-03-04,201.80285714285714,5,3,3,11,4.0,Regular,6
203,564,2,567.73,2023-06-15,2022-03-21,283.865,1,1,2,4,1.2000000000000002,Lost,7
204,207,7,1689.4199999999998,2024-06-06,2022-01-19,241.34571428571425,2,3,3,8,2.5,At-Risk,3
205,104,9,2185.62,2024-09-17,2022-01-23,242.84666666666666,3,4,4,11,3.5,Loyal,2
206,972,1,205.19,2022-05-03,2022-05-03,205.19,1,1,1,3,1.0,Lost,7
207,220,14,2665.4500000000007,2024-05-24,2022-01-19,190.38928571428576,2,5,5,12,3.5,At-Risk,3
208,425,8,751.95,2023-11-01,2022-04-17,93.99375,1,3,2,6,1.7999999999999998,Regular,6
209,349,5,1239.07,2024-01-16,2022-03-28,247.814,1,2,3,6,1.7000000000000002,Regular,6
210,293,4,316.76,2024-03-12,2022-08-11,79.19,1,2,1,4,1.3,Lost,7
211,183,3,361.1,2024-06-30,2022-01-09,120.36666666666667,2,1,1,4,1.5,Lost,7
212,25,16,3176.1499999999996,2024-12-05,2022-01-01,198.50937499999998,5,5,5,15,5.0,High-Value,1
213,212,7,1491.09,2024-06-01,2022-05-23,213.01285714285714,2,3,3,8,2.5,At-Risk,3
214,110,10,1602.8500000000001,2024-09-11,2022-01-10,160.28500000000003,3,4,3,10,3.3000000000000003,Regular,6
215,265,2,131.03,2024-04-09,2024-01-16,65.515,2,1,1,4,1.5,Lost,7
216,51,4,738.46,2024-11-09,2022-03-14,184.615,4,2,2,8,3.0,New,5
217,111,4,376.72,2024-09-10,2022-05-29,94.18,3,2,1,6,2.3000000000000003,Regular,6
218,48,7,1358.8400000000001,2024-11-12,2022-06-15,194.12000000000003,4,3,3,10,3.5,Regular,6
219,375,5,926.65,2023-12-21,2023-04-12,185.32999999999998,1,2,2,5,1.5,Lost,7
220,16,15,2621.2400000000002,2024-12-14,2022-01-25,174.74933333333334,5,5,4,14,4.8,High-Value,1
221,269,3,531.53,2024-04-05,2022-08-31,177.17666666666665,2,1,1,4,1.5,Lost,7
222,141,5,2243.17,2024-08-11,2022-01-07,448.634,3,2,4,9,2.9000000000000004,Regular,6
223,185,2,287.79999999999995,2024-06-28,2022-04-25,143.89999999999998,2,1,1,4,1.5,Lost,7
224,53,2,480.86,2024-11-07,2024-08-25,240.43,4,1,1,6,2.5,New,5
225,0,8,1343.87,2024-12-30,2022-04-17,167.98375,5,3,3,11,4.0,Regular,6
226,74,17,3266.65,2024-10-17,2022-01-11,192.15588235294118,4,5,5,14,4.5,High-Value,1
227,85,4,864.1999999999999,2024-10-06,2022-10-08,216.04999999999998,3,2,2,7,2.5,Regular,6
228,138,9,2060.06,2024-08-14,2022-03-18,228.89555555555555,3,4,4,11,3.5,Loyal,2
229,11,9,2494.84,2024-12-19,2022-03-05,277.20444444444445,5,4,4,13,4.5,High-Value,1
230,27,11,764.0699999999999,2024-12-03,2022-05-22,69.46090909090908,5,4,2,11,4.1000000000000005,Promising,4
231,689,3,330.62,2023-02-10,2022-03-03,110.20666666666666,1,1,1,3,1.0,Lost,7
232,23,17,3185.8500000000004,2024-12-07,2022-04-06,187.40294117647062,5,5,5,15,5.0,High-Value,1
233,111,9,1969.8099999999997,2024-09-10,2022-01-31,218.86777777777775,3,4,4,11,3.5,Loyal,2
234,374,5,1286.54,2023-12-22,2022-02-22,257.308,1,2,3,6,1.7000000000000002,Regular,6
235,155,7,1050.36,2024-07-28,2022-04-24,150.05142857142854,2,3,2,7,2.3,Regular,6
236,50,13,4296.900000000001,2024-11-10,2022-04-21,330.5307692307693,4,5,5,14,4.5,High-Value,1
237,167,10,2904.08,2024-07-16,2022-05-19,290.408,2,4,5,11,3.2,At-Risk,3
238,181,17,2345.31,2024-07-02,2022-02-23,137.9594117647059,2,5,4,11,3.3,At-Risk,3
239,141,8,1912.4199999999998,2024-08-11,2022-05-16,239.05249999999998,3,3,4,10,3.2,Regular,6
240,367,2,129.82,2023-12-29,2023-11-25,64.91,1,1,1,3,1.0,Lost,7
241,190,10,2461.52,2024-06-23,2022-01-08,246.152,2,4,4,10,3.0,At-Risk,3
242,14,16,2977.98,2024-12-16,2022-02-07,186.12375,5,5,5,15,5.0,High-Value,1
243,119,5,922.68,2024-09-02,2022-03-15,184.536,3,2,2,7,2.5,Regular,6
244,163,8,2052.2200000000003,2024-07-20,2022-01-27,256.52750000000003,2,3,4,9,2.7,At-Risk,3
245,6,23,5406.169999999999,2024-12-24,2022-02-16,235.05086956521737,5,5,5,15,5.0,High-Value,1
246,27,6,940.9200000000001,2024-12-03,2022-11-29,156.82000000000002,5,2,2,9,3.5,New,5
247,32,16,5003.34,2024-11-28,2022-05-21,312.70875,4,5,5,14,4.5,High-Value,1
248,140,13,4348.24,2024-08-12,2022-03-25,334.47999999999996,3,5,5,13,4.0,Loyal,2
249,60,10,1820.0099999999998,2024-10-31,2022-02-19,182.00099999999998,4,4,4,12,4.0,High-Value,1
250,82,12,2424.44,2024-10-09,2022-04-01,202.03666666666666,3,4,4,11,3.5,Loyal,2
251,845,2,455.14,2022-09-07,2022-02-09,227.57,1,1,1,3,1.0,Lost,7
252,9,5,1015.5899999999999,2024-12-21,2022-05-16,203.118,5,2,2,9,3.5,New,5
253,301,5,786.72,2024-03-04,2023-06-19,157.344,1,2,2,5,1.5,Lost,7
254,24,13,2577.7799999999997,2024-12-06,2022-01-16,198.2907692307692,5,5,4,14,4.8,High-Value,1
255,210,5,639.69,2024-06-03,2022-08-23,127.93800000000002,2,2,2,6,2.0,Lost,7
256,10,9,2111.55,2024-12-20,2022-07-17,234.61666666666667,5,4,4,13,4.5,High-Value,1
257,196,16,2543.01,2024-06-17,2022-02-24,158.938125,2,5,4,11,3.3,At-Risk,3
258,65,2,218.31,2024-10-26,2022-01-12,109.155,4,1,1,6,2.5,New,5
259,153,12,2102.6,2024-07-30,2022-05-04,175.21666666666667,2,4,4,10,3.0,At-Risk,3
260,111,10,1881.21,2024-09-10,2022-01-25,188.121,3,4,4,11,3.5,Loyal,2
261,36,9,937.32,2024-11-24,2022-11-17,104.14666666666668,4,4,2,10,3.6,Promising,4
262,3,7,1188.7900000000002,2024-12-27,2022-09-01,169.8271428571429,5,3,3,11,4.0,Regular,6
263,125,4,801.78,2024-08-27,2023-09-04,200.445,3,2,2,7,2.5,Regular,6
264,1006,1,162.67,2022-03-30,2022-03-30,162.67,1,1,1,3,1.0,Lost,7
265,125,8,1469.28,2024-08-27,2022-08-06,183.66,3,3,3,9,3.0,Regular,6
266,27,7,2225.2899999999995,2024-12-03,2022-04-14,317.89857142857136,5,3,4,12,4.2,Regular,6
267,416,1,624.04,2023-11-10,2023-11-10,624.04,1,1,2,4,1.2000000000000002,Lost,7
268,139,2,382.19000000000005,2024-08-13,2023-11-27,191.09500000000003,3,1,1,5,2.0,Regular,6
269,114,11,2066.0499999999997,2024-09-07,2022-01-27,187.82272727272724,3,4,4,11,3.5,Loyal,2
270,132,13,3040.8099999999995,2024-08-20,2022-01-23,233.9084615384615,3,5,5,13,4.0,Loyal,2
271,28,12,3547.390000000001,2024-12-02,2022-01-25,295.6158333333334,5,4,5,14,4.7,High-Value,1
272,8,5,535.44,2024-12-22,2022-07-28,107.08800000000001,5,2,1,8,3.3000000000000003,New,5
273,19,12,2022.96,2024-12-11,2022-02-27,168.58,5,4,4,13,4.5,High-Value,1
274,157,6,1733.77,2024-07-26,2022-10-09,288.96166666666664,2,2,3,7,2.2,Regular,6
275,32,12,1817.08,2024-11-28,2022-01-27,151.42333333333332,4,4,4,12,4.0,High-Value,1
276,1,6,2478.97,2024-12-29,2022-11-30,413.16166666666663,5,2,4,11,3.9000000000000004,Regular,6
277,913,2,716.8000000000001,2022-07-01,2022-01-30,358.40000000000003,1,1,2,4,1.2000000000000002,Lost,7
278,12,6,1339.11,2024-12-18,2022-01-30,223.18499999999997,5,2,3,10,3.7,Regular,6
279,77,15,2856.2799999999997,2024-10-14,2022-04-19,190.41866666666664,3,5,5,13,4.0,Loyal,2
280,20,13,2108.23,2024-12-10,2022-07-13,162.17153846153846,5,5,4,14,4.8,High-Value,1
281,570,1,37.79,2023-06-09,2023-06-09,37.79,1,1,1,3,1.0,Lost,7
282,196,6,1012.68,2024-06-17,2022-04-26,168.78,2,2,2,6,2.0,Lost,7
283,2,8,2172.6099999999997,2024-12-28,2022-05-08,271.57624999999996,5,3,4,12,4.2,Regular,6
284,29,16,3281.2000000000003,2024-12-01,2022-01-10,205.07500000000002,4,5,5,14,4.5,High-Value,1
285,47,8,1439.21,2024-11-13,2022-05-20,179.90125,4,3,3,10,3.5,Regular,6
286,31,13,3017.94,2024-11-29,2022-03-21,232.14923076923077,4,5,5,14,4.5,High-Value,1
287,706,4,586.4200000000001,2023-01-24,2022-05-14,146.60500000000002,1,2,2,5,1.5,Lost,7
288,19,10,3306.9200000000005,2024-12-11,2022-01-16,330.69200000000006,5,4,5,14,4.7,High-Value,1
289,264,1,30.26,2024-04-10,2024-04-10,30.26,2,1,1,4,1.5,Lost,7
290,257,6,696.4499999999999,2024-04-17,2023-02-13,116.07499999999999,2,2,2,6,2.0,Lost,7
291,219,3,357.29,2024-05-25,2023-09-28,119.09666666666668,2,1,1,4,1.5,Lost,7
292,18,17,2079.1400000000003,2024-12-12,2022-03-16,122.3023529411765,5,5,4,14,4.8,High-Value,1
293,613,1,109.86,2023-04-27,2023-04-27,109.86,1,1,1,3,1.0,Lost,7
294,169,1,307.67,2024-07-14,2024-07-14,307.67,2,1,1,4,1.5,Lost,7
295,278,3,445.94,2024-03-27,2022-12-10,148.64666666666668,2,1,1,4,1.5,Lost,7
296,9,8,906.8400000000001,2024-12-21,2022-09-26,113.35500000000002,5,3,2,10,3.8,Promising,4
297,55,11,1511.93,2024-11-05,2022-01-22,137.44818181818184,4,4,3,11,3.8000000000000003,Regular,6
298,338,7,2611.0599999999995,2024-01-27,2022-04-15,373.0085714285714,1,3,4,8,2.2,At-Risk,3
299,21,8,2191.84,2024-12-09,2022-01-04,273.98,5,3,4,12,4.2,Regular,6
300,18,8,1231.04,2024-12-12,2022-04-13,153.88,5,3,3,11,4.0,Regular,6
301,38,11,2539.9500000000003,2024-11-22,2022-03-26,230.90454545454548,4,4,4,12,4.0,High-Value,1
302,48,6,1266.1100000000001,2024-11-12,2022-01-23,211.01833333333335,4,2,3,9,3.2,Regular,6
303,188,8,893.5,2024-06-25,2022-03-11,111.6875,2,3,2,7,2.3,Regular,6
304,106,8,1828.67,2024-09-15,2022-05-26,228.58375,3,3,4,10,3.2,Regular,6
305,38,5,645.6,2024-11-22,2022-08-30,129.12,4,2,2,8,3.0,New,5
306,538,1,111.72,2023-07-11,2023-07-11,111.72,1,1,1,3,1.0,Lost,7
307,86,14,4078.0999999999995,2024-10-05,2022-01-26,291.2928571428571,3,5,5,13,4.0,Loyal,2
308,12,7,1650.3600000000001,2024-12-18,2022-05-09,235.7657142857143,5,3,3,11,4.0,Regular,6
309,81,15,5046.75,2024-10-10,2022-02-03,336.45,3,5,5,13,4.0,Loyal,2
310,146,4,2529.1400000000003,2024-08-06,2022-03-12,632.2850000000001,2,2,4,8,2.4000000000000004,Regular,6
311,101,19,3330.32,2024-09-20,2022-02-21,175.28,3,5,5,13,4.0,Loyal,2
312,74,4,1370.97,2024-10-17,2022-11-05,342.7425,4,2,3,9,3.2,Regular,6
313,77,4,1146.48,2024-10-14,2022-09-03,286.62,3,2,3,8,2.7,Regular,6
314,37,12,2624.92,2024-11-23,2022-05-14,218.74333333333334,4,4,4,12,4.0,High-Value,1
315,74,13,3580.82,2024-10-17,2022-02-25,275.4476923076923,4,5,5,14,4.5,High-Value,1
316,187,2,650.23,2024-06-26,2023-09-04,325.115,2,1,2,5,1.7000000000000002,Lost,7
317,225,9,3162.27,2024-05-19,2022-02-03,351.36333333333334,2,4,5,11,3.2,At-Risk,3
318,495,3,428.65999999999997,2023-08-23,2022-06-15,142.88666666666666,1,1,1,3,1.0,Lost,7
319,36,13,4355.95,2024-11-24,2022-02-07,335.0730769230769,4,5,5,14,4.5,High-Value,1
320,98,17,4578.990000000001,2024-09-23,2022-01-30,269.3523529411765,3,5,5,13,4.0,Loyal,2
321,469,4,328.35,2023-09-18,2022-03-20,82.0875,1,2,1,4,1.3,Lost,7
322,174,5,1010.9100000000001,2024-07-09,2022-10-27,202.18200000000002,2,2,2,6,2.0,Lost,7
323,14,10,2313.89,2024-12-16,2022-05-08,231.38899999999998,5,4,4,13,4.5,High-Value,1
324,27,18,2775.28,2024-12-03,2022-04-21,154.18222222222224,5,5,5,15,5.0,High-Value,1
325,44,9,2614.64,2024-11-16,2022-02-14,290.5155555555555,4,4,4,12,4.0,High-Value,1
326,13,13,2737.0499999999997,2024-12-17,2022-02-10,210.54230769230767,5,5,5,15,5.0,High-Value,1
327,20,11,2013.6200000000001,2024-12-10,2023-01-24,183.05636363636364,5,4,4,13,4.5,High-Value,1
328,105,10,1865.3899999999999,2024-09-16,2022-03-13,186.539,3,4,4,11,3.5,Loyal,2
329,8,13,2858.68,2024-12-22,2022-02-15,219.89846153846153,5,5,5,15,5.0,High-Value,1
330,476,3,494.27000000000004,2023-09-11,2022-08-15,164.7566666666667,1,1,1,3,1.0,Lost,7
331,103,12,1693.13,2024-09-18,2022-01-10,141.09416666666667,3,4,3,10,3.3000000000000003,Regular,6
332,91,1,121.8,2024-09-30,2024-09-30,121.8,3,1,1,5,2.0,Regular,6
333,420,7,1006.73,2023-11-06,2022-05-01,143.81857142857143,1,3,2,6,1.7999999999999998,Regular,6
334,8,10,1488.54,2024-12-22,2022-02-07,148.85399999999998,5,4,3,12,4.300000000000001,Regular,6
335,27,12,3550.54,2024-12-03,2022-11-29,295.87833333333333,5,4,5,14,4.7,High-Value,1
336,509,1,283.65,2023-08-09,2023-08-09,283.65,1,1,1,3,1.0,Lost,7
337,70,7,1563.0700000000002,2024-10-21,2023-03-08,223.2957142857143,4,3,3,10,3.5,Regular,6
338,443,3,859.75,2023-10-14,2022-07-24,286.5833333333333,1,1,2,4,1.2000000000000002,Lost,7
339,83,4,197.77999999999997,2024-10-08,2022-08-31,49.44499999999999,3,2,1,6,2.3000000000000003,Regular,6
340,187,2,421.71,2024-06-26,2023-10-24,210.855,2,1,1,4,1.5,Lost,7
341,8,15,3274.11,2024-12-22,2022-02-03,218.274,5,5,5,15,5.0,High-Value,1
342,601,2,258.13,2023-05-09,2023-04-22,129.065,1,1,1,3,1.0,Lost,7
343,42,10,3223.66,2024-11-18,2022-04-24,322.366,4,4,5,13,4.2,High-Value,1
344,186,4,1246.6700000000003,2024-06-27,2022-08-25,311.6675000000001,2,2,3,7,2.2,Regular,6
345,37,8,1471.83,2024-11-23,2022-12-23,183.97875,4,3,3,10,3.5,Regular,6
346,178,11,1914.4799999999998,2024-07-05,2022-05-03,174.04363636363635,2,4,4,10,3.0,At-Risk,3
347,243,8,2109.74,2024-05-01,2022-06-09,263.7175,2,3,4,9,2.7,At-Risk,3
348,201,6,801.28,2024-06-12,2022-05-17,133.54666666666665,2,2,2,6,2.0,Lost,7
349,59,9,1816.58,2024-11-01,2022-01-18,201.8422222222222,4,4,4,12,4.0,High-Value,1
350,67,3,904.7399999999999,2024-10-24,2023-10-03,301.58,4,1,2,7,2.6999999999999997,New,5
351,199,9,842.55,2024-06-14,2022-11-16,93.61666666666666,2,4,2,8,2.6,Regular,6
352,58,2,1672.2800000000002,2024-11-02,2022-11-12,836.1400000000001,4,1,3,8,2.9,Regular,6
353,34,9,678.3800000000001,2024-11-26,2022-01-07,75.37555555555556,4,4,2,10,3.6,Promising,4
354,60,10,1605.79,2024-10-31,2022-01-15,160.579,4,4,3,11,3.8000000000000003,Regular,6
355,180,7,999.69,2024-07-03,2022-04-15,142.81285714285715,2,3,2,7,2.3,Regular,6
356,241,11,1891.8500000000001,2024-05-03,2022-02-20,171.98636363636365,2,4,4,10,3.0,At-Risk,3
357,125,21,3851.66,2024-08-27,2022-01-18,183.41238095238094,3,5,5,13,4.0,Loyal,2
358,57,10,2473.08,2024-11-03,2022-08-22,247.308,4,4,4,12,4.0,High-Value,1
359,202,10,2530.1000000000004,2024-06-11,2022-02-24,253.01000000000005,2,4,4,10,3.0,At-Risk,3
360,265,2,168.38,2024-04-09,2024-03-11,84.19,2,1,1,4,1.5,Lost,7
361,39,1,245.47,2024-11-21,2024-11-21,245.47,4,1,1,6,2.5,New,5
362,52,2,486.01,2024-11-08,2023-06-09,243.005,4,1,1,6,2.5,New,5
363,48,8,1554.48,2024-11-12,2022-11-08,194.31,4,3,3,10,3.5,Regular,6
364,143,3,861.1800000000001,2024-08-09,2022-11-29,287.06,2,1,2,5,1.7000000000000002,Lost,7
365,128,4,156.51,2024-08-24,2023-06-23,39.1275,3,2,1,6,2.3000000000000003,Regular,6
366,471,2,437.98,2023-09-16,2022-10-20,218.99,1,1,1,3,1.0,Lost,7
367,159,12,2697.0099999999998,2024-07-24,2022-03-12,224.7508333333333,2,4,5,11,3.2,At-Risk,3
368,295,5,2483.98,2024-03-10,2022-07-14,496.796,1,2,4,7,1.9000000000000001,Regular,6
369,250,12,2516.74,2024-04-24,2022-05-05,209.72833333333332,2,4,4,10,3.0,At-Risk,3
370,39,18,3323.2600000000007,2024-11-21,2022-03-24,184.6255555555556,4,5,5,14,4.5,High-Value,1
371,765,1,300.71,2022-11-26,2022-11-26,300.71,1,1,1,3,1.0,Lost,7
372,40,18,4944.91,2024-11-20,2022-07-12,274.71722222222223,4,5,5,14,4.5,High-Value,1
373,157,7,1366.6000000000001,2024-07-26,2022-02-26,195.22857142857146,2,3,3,8,2.5,At-Risk,3
374,94,20,4665.030000000002,2024-09-27,2022-03-16,233.25150000000008,3,5,5,13,4.0,Loyal,2
375,15,17,2814.9700000000003,2024-12-15,2022-07-28,165.5864705882353,5,5,5,15,5.0,High-Value,1
376,158,8,1453.5500000000002,2024-07-25,2022-03-28,181.69375000000002,2,3,3,8,2.5,At-Risk,3
377,16,4,347.1,2024-12-14,2023-04-11,86.775,5,2,1,8,3.3000000000000003,New,5
378,119,12,3503.4200000000005,2024-09-02,2022-04-04,291.9516666666667,3,4,5,12,3.7,Loyal,2
379,511,1,264.39,2023-08-07,2023-08-07,264.39,1,1,1,3,1.0,Lost,7
380,284,5,1164.94,2024-03-21,2022-09-25,232.988,2,2,3,7,2.2,Regular,6
381,328,3,1298.85,2024-02-06,2023-11-19,432.95,1,1,3,5,1.4000000000000001,Regular,6
382,34,10,2583.8199999999997,2024-11-26,2022-02-01,258.38199999999995,4,4,4,12,4.0,High-Value,1
383,474,4,1114.77,2023-09-13,2022-06-04,278.6925,1,2,2,5,1.5,Lost,7
384,151,9,2023.4199999999996,2024-08-01,2022-12-22,224.8244444444444,2,4,4,10,3.0,At-Risk,3
385,125,10,1802.65,2024-08-27,2022-01-13,180.26500000000001,3,4,4,11,3.5,Loyal,2
386,938,1,79.59,2022-06-06,2022-06-06,79.59,1,1,1,3,1.0,Lost,7
387,130,6,861.27,2024-08-22,2022-04-06,143.545,3,2,2,7,2.5,Regular,6
388,273,7,1189.02,2024-04-01,2022-01-21,169.85999999999999,2,3,3,8,2.5,At-Risk,3
389,122,5,453.23,2024-08-30,2023-03-15,90.646,3,2,1,6,2.3000000000000003,Regular,6
390,167,10,3071.05,2024-07-16,2022-07-23,307.105,2,4,5,11,3.2,At-Risk,3
391,96,15,1803.4900000000002,2024-09-25,2022-03-08,120.23266666666669,3,5,4,12,3.8,Loyal,2
392,1,9,2020.1299999999999,2024-12-29,2022-12-05,224.45888888888888,5,4,4,13,4.5,High-Value,1
393,111,9,1280.6,2024-09-10,2022-01-04,142.2888888888889,3,4,3,10,3.3000000000000003,Regular,6
394,175,12,3326.9,2024-07-08,2022-04-17,277.2416666666667,2,4,5,11,3.2,At-Risk,3
395,472,1,439.49,2023-09-15,2023-09-15,439.49,1,1,1,3,1.0,Lost,7
396,34,19,3635.2299999999996,2024-11-26,2022-01-11,191.32789473684207,4,5,5,14,4.5,High-Value,1
397,180,11,2900.25,2024-07-03,2022-02-03,263.65909090909093,2,4,5,11,3.2,At-Risk,3
398,15,16,3736.1900000000005,2024-12-15,2022-01-17,233.51187500000003,5,5,5,15,5.0,High-Value,1
399,253,6,1894.6899999999998,2024-04-21,2022-12-25,315.78166666666664,2,2,4,8,2.4000000000000004,Regular,6
400,10,5,739.1400000000001,2024-12-20,2023-01-30,147.82800000000003,5,2,2,9,3.5,New,5
401,382,2,399.34,2023-12-14,2022-07-24,199.67,1,1,1,3,1.0,Lost,7
402,249,3,322.23,2024-04-25,2022-01-17,107.41000000000001,2,1,1,4,1.5,Lost,7
403,77,9,833.76,2024-10-14,2022-07-13,92.64,3,4,2,9,3.1,Regular,6
404,58,15,3119.629999999999,2024-11-02,2022-01-05,207.97533333333328,4,5,5,14,4.5,High-Value,1
405,714,3,873.1699999999998,2023-01-16,2022-04-09,291.0566666666666,1,1,2,4,1.2000000000000002,Lost,7
406,33,8,1186.09,2024-11-27,2022-03-13,148.26125,4,3,3,10,3.5,Regular,6
407,197,2,366.02,2024-06-16,2022-10-30,183.01,2,1,1,4,1.5,Lost,7
408,62,5,959.1600000000001,2024-10-29,2022-05-31,191.83200000000002,4,2,2,8,3.0,New,5
409,78,7,668.52,2024-10-13,2022-03-25,95.50285714285714,3,3,2,8,2.8,Regular,6
410,18,14,1948.0,2024-12-12,2022-02-02,139.14285714285714,5,5,4,14,4.8,High-Value,1
411,131,7,2652.58,2024-08-21,2022-03-13,378.94,3,3,5,11,3.4,Regular,6
412,5,9,2018.87,2024-12-25,2022-07-19,224.31888888888886,5,4,4,13,4.5,High-Value,1
413,274,7,2873.29,2024-03-31,2022-03-15,410.46999999999997,2,3,5,10,2.9,At-Risk,3
414,477,4,1770.81,2023-09-10,2022-03-22,442.7025,1,2,3,6,1.7000000000000002,Regular,6
415,15,7,1602.67,2024-12-15,2022-07-21,228.95285714285714,5,3,3,11,4.0,Regular,6
416,136,1,158.84,2024-08-16,2024-08-16,158.84,3,1,1,5,2.0,Regular,6
417,67,12,2009.9499999999998,2024-10-24,2022-03-21,167.4958333333333,4,4,4,12,4.0,High-Value,1
418,33,4,1125.94,2024-11-27,2022-04-21,281.485,4,2,2,8,3.0,New,5
419,41,10,1580.8600000000001,2024-11-19,2022-01-12,158.086,4,4,3,11,3.8000000000000003,Regular,6
420,136,4,676.59,2024-08-16,2022-05-17,169.1475,3,2,2,7,2.5,Regular,6
421,63,10,1268.5299999999997,2024-10-28,2022-02-02,126.85299999999998,4,4,3,11,3.8000000000000003,Regular,6
422,40,13,2904.370000000001,2024-11-20,2022-02-17,223.41307692307697,4,5,5,14,4.5,High-Value,1
423,623,4,616.2,2023-04-17,2022-01-28,154.05,1,2,2,5,1.5,Lost,7
424,28,16,2203.89,2024-12-02,2022-03-23,137.743125,5,5,4,14,4.8,High-Value,1
425,86,8,1336.1399999999999,2024-10-05,2022-01-23,167.01749999999998,3,3,3,9,3.0,Regular,6
426,178,17,3304.0899999999997,2024-07-05,2022-06-22,194.35823529411763,2,5,5,12,3.5,At-Risk,3
427,151,7,785.28,2024-08-01,2022-01-21,112.18285714285715,2,3,2,7,2.3,Regular,6
428,136,1,289.64,2024-08-16,2024-08-16,289.64,3,1,1,5,2.0,Regular,6
429,52,6,1079.3600000000001,2024-11-08,2022-12-28,179.89333333333335,4,2,2,8,3.0,New,5
430,489,2,698.8499999999999,2023-08-29,2022-12-09,349.42499999999995,1,1,2,4,1.2000000000000002,Lost,7
431,505,2,1568.4099999999999,2023-08-13,2023-03-24,784.2049999999999,1,1,3,5,1.4000000000000001,Regular,6
432,16,16,5470.67,2024-12-14,2022-05-01,341.916875,5,5,5,15,5.0,High-Value,1
433,80,8,1060.21,2024-10-11,2022-08-15,132.52625,3,3,2,8,2.8,Regular,6
434,279,1,89.02,2024-03-26,2024-03-26,89.02,2,1,1,4,1.5,Lost,7
435,75,9,2302.4900000000002,2024-10-16,2023-03-28,255.83222222222224,4,4,4,12,4.0,High-Value,1
436,147,13,2287.55,2024-08-05,2022-02-11,175.96538461538464,2,5,4,11,3.3,At-Risk,3
437,201,2,129.72,2024-06-12,2022-09-14,64.86,2,1,1,4,1.5,Lost,7
438,193,9,3444.65,2024-06-20,2022-02-16,382.7388888888889,2,4,5,11,3.2,At-Risk,3
439,22,18,4843.529999999999,2024-12-08,2022-06-17,269.0849999999999,5,5,5,15,5.0,High-Value,1
440,12,16,3438.11,2024-12-18,2022-02-01,214.881875,5,5,5,15,5.0,High-Value,1
441,73,3,489.23,2024-10-18,2023-01-28,163.07666666666668,4,1,1,6,2.5,New,5
442,436,3,910.24,2023-10-21,2022-12-23,303.41333333333336,1,1,2,4,1.2000000000000002,Lost,7
443,82,2,142.4,2024-10-09,2023-03-23,71.2,3,1,1,5,2.0,Regular,6
444,122,7,1164.54,2024-08-30,2022-04-28,166.36285714285714,3,3,3,9,3.0,Regular,6
445,409,4,1856.46,2023-11-17,2023-03-09,464.115,1,2,4,7,1.9000000000000001,Regular,6
446,155,7,1077.67,2024-07-28,2023-05-16,153.95285714285714,2,3,2,7,2.3,Regular,6
447,105,4,634.16,2024-09-16,2022-02-27,158.54,3,2,2,7,2.5,Regular,6
448,332,7,1442.54,2024-02-02,2022-01-06,206.07714285714286,1,3,3,7,2.0,At-Risk,3
449,122,19,4192.87,2024-08-30,2022-01-31,220.67736842105262,3,5,5,13,4.0,Loyal,2
450,302,4,1397.06,2024-03-03,2022-08-19,349.265,1,2,3,6,1.7000000000000002,Regular,6
451,474,3,484.93,2023-09-13,2022-02-02,161.64333333333335,1,1,1,3,1.0,Lost,7
452,310,5,1459.99,2024-02-24,2022-03-20,291.998,1,2,3,6,1.7000000000000002,Regular,6
453,78,5,852.8900000000001,2024-10-13,2022-02-01,170.57800000000003,3,2,2,7,2.5,Regular,6
454,455,9,2874.87,2023-10-02,2022-03-19,319.43,1,4,5,10,2.7,At-Risk,3
455,179,5,1435.23,2024-07-04,2022-11-10,287.046,2,2,3,7,2.2,Regular,6
456,620,1,38.01,2023-04-20,2023-04-20,38.01,1,1,1,3,1.0,Lost,7
457,66,11,2451.94,2024-10-25,2022-03-28,222.90363636363637,4,4,4,12,4.0,High-Value,1
458,33,12,2474.1199999999994,2024-11-27,2022-04-15,206.17666666666662,4,4,4,12,4.0,High-Value,1
459,219,9,1687.9,2024-05-25,2022-03-23,187.54444444444445,2,4,3,9,2.8000000000000003,At-Risk,3
460,140,2,365.40999999999997,2024-08-12,2023-01-25,182.70499999999998,3,1,1,5,2.0,Regular,6
461,8,2,109.01,2024-12-22,2023-12-06,54.505,5,1,1,7,3.0,New,5
462,28,14,4001.5299999999997,2024-12-02,2022-06-08,285.8235714285714,5,5,5,15,5.0,High-Value,1
463,97,7,387.28999999999996,2024-09-24,2022-09-05,55.32714285714285,3,3,1,7,2.6,Regular,6
464,147,7,1137.6000000000001,2024-08-05,2022-07-12,162.51428571428573,2,3,3,8,2.5,At-Risk,3
465,182,3,232.92000000000002,2024-07-01,2023-01-09,77.64,2,1,1,4,1.5,Lost,7
466,46,10,1704.6100000000001,2024-11-14,2022-03-23,170.461,4,4,3,11,3.8000000000000003,Regular,6
467,69,11,1696.88,2024-10-22,2022-02-13,154.2618181818182,4,4,3,11,3.8000000000000003,Regular,6
468,23,8,1931.2,2024-12-07,2022-05-14,241.4,5,3,4,12,4.2,Regular,6
469,4,17,3108.52,2024-12-26,2022-02-27,182.8541176470588,5,5,5,15,5.0,High-Value,1
470,17,10,2880.84,2024-12-13,2022-04-23,288.084,5,4,5,14,4.7,High-Value,1
471,357,3,1036.0700000000002,2024-01-08,2023-04-20,345.35666666666674,1,1,2,4,1.2000000000000002,Lost,7
472,42,4,743.8500000000001,2024-11-18,2022-11-05,185.96250000000003,4,2,2,8,3.0,New,5
473,91,3,1303.06,2024-09-30,2023-06-11,434.3533333333333,3,1,3,7,2.4000000000000004,Regular,6
474,384,1,148.97,2023-12-12,2023-12-12,148.97,1,1,1,3,1.0,Lost,7
475,23,11,1134.4699999999998,2024-12-07,2022-05-08,103.13363636363634,5,4,3,12,4.300000000000001,Regular,6
476,161,12,2096.52,2024-07-22,2022-01-14,174.71,2,4,4,10,3.0,At-Risk,3
477,146,7,2537.93,2024-08-06,2022-01-25,362.56142857142856,2,3,4,9,2.7,At-Risk,3
478,1012,1,86.78,2022-03-24,2022-03-24,86.78,1,1,1,3,1.0,Lost,7
479,117,4,547.0699999999999,2024-09-04,2022-08-26,136.76749999999998,3,2,1,6,2.3000000000000003,Regular,6
480,68,10,1830.14,2024-10-23,2022-01-06,183.014,4,4,4,12,4.0,High-Value,1
481,22,5,1073.96,2024-12-08,2022-01-11,214.792,5,2,2,9,3.5,New,5
482,108,13,1936.65,2024-09-13,2022-04-14,148.97307692307692,3,5,4,12,3.8,Loyal,2
483,133,12,1997.13,2024-08-19,2022-02-12,166.4275,3,4,4,11,3.5,Loyal,2
484,11,4,1290.68,2024-12-19,2022-07-16,322.67,5,2,3,10,3.7,Regular,6
485,28,4,1391.23,2024-12-02,2022-04-27,347.8075,5,2,3,10,3.7,Regular,6
486,16,25,4632.429999999999,2024-12-14,2022-01-27,185.29719999999998,5,5,5,15,5.0,High-Value,1
487,3,11,1836.0599999999997,2024-12-27,2022-04-05,166.91454545454542,5,4,4,13,4.5,High-Value,1
488,36,22,6438.629999999999,2024-11-24,2022-04-06,292.66499999999996,4,5,5,14,4.5,High-Value,1
489,63,7,2295.83,2024-10-28,2022-03-14,327.9757142857143,4,3,4,11,3.7,Regular,6
490,106,27,6649.45,2024-09-15,2022-02-20,246.27592592592592,3,5,5,13,4.0,Loyal,2
491,298,17,2712.58,2024-03-07,2022-03-29,159.5635294117647,1,5,5,11,3.0,At-Risk,3
492,132,9,1939.65,2024-08-20,2022-04-25,215.51666666666668,3,4,4,11,3.5,Loyal,2
493,174,10,2593.9300000000003,2024-07-09,2022-01-16,259.39300000000003,2,4,4,10,3.0,At-Risk,3
494,65,11,2704.44,2024-10-26,2022-03-25,245.85818181818183,4,4,5,13,4.2,High-Value,1
495,84,10,2802.6700000000005,2024-10-07,2022-01-25,280.26700000000005,3,4,5,12,3.7,Loyal,2
496,236,6,1695.46,2024-05-08,2022-03-19,282.57666666666665,2,2,3,7,2.2,Regular,6
497,32,11,3217.25,2024-11-28,2022-12-02,292.47727272727275,4,4,5,13,4.2,High-Value,1
498,953,1,295.9,2022-05-22,2022-05-22,295.9,1,1,1,3,1.0,Lost,7
499,793,1,299.89,2022-10-29,2022-10-29,299.89,1,1,1,3,1.0,Lost,7
500,86,16,3241.4300000000003,2024-10-05,2022-01-27,202.58937500000002,3,5,5,13,4.0,Loyal,2
501,822,2,496.59000000000003,2022-09-30,2022-08-14,248.29500000000002,1,1,1,3,1.0,Lost,7
502,2,13,2633.0199999999995,2024-12-28,2022-01-05,202.53999999999996,5,5,4,14,4.8,High-Value,1
503,728,2,268.2,2023-01-02,2022-11-29,134.1,1,1,1,3,1.0,Lost,7
504,372,5,485.37,2023-12-24,2022-08-20,97.074,1,2,1,4,1.3,Lost,7
505,7,1,160.99,2024-12-23,2024-12-23,160.99,5,1,1,7,3.0,New,5
506,47,2,1139.8,2024-11-13,2023-11-03,569.9,4,1,3,8,2.9,Regular,6
507,184,4,884.9000000000001,2024-06-29,2022-01-29,221.22500000000002,2,2,2,6,2.0,Lost,7
508,40,15,3743.4899999999993,2024-11-20,2022-02-09,249.56599999999995,4,5,5,14,4.5,High-Value,1
509,578,4,687.94,2023-06-01,2022-03-23,171.985,1,2,2,5,1.5,Lost,7
510,24,5,1247.8,2024-12-06,2022-03-08,249.56,5,2,3,10,3.7,Regular,6
511,57,5,1173.58,2024-11-03,2022-10-31,234.71599999999998,4,2,3,9,3.2,Regular,6
512,42,5,1361.52,2024-11-18,2022-02-27,272.304,4,2,3,9,3.2,Regular,6
513,589,1,155.43,2023-05-21,2023-05-21,155.43,1,1,1,3,1.0,Lost,7
514,324,7,1856.9900000000002,2024-02-10,2022-08-25,265.2842857142858,1,3,4,8,2.2,At-Risk,3
515,375,3,292.5,2023-12-21,2023-01-13,97.5,1,1,1,3,1.0,Lost,7
516,217,10,2351.06,2024-05-27,2022-01-03,235.106,2,4,4,10,3.0,At-Risk,3
517,25,10,2486.3100000000004,2024-12-05,2022-07-20,248.63100000000003,5,4,4,13,4.5,High-Value,1
518,170,8,1350.9699999999998,2024-07-13,2022-02-07,168.87124999999997,2,3,3,8,2.5,At-Risk,3
519,46,10,1792.02,2024-11-14,2022-02-13,179.202,4,4,3,11,3.8000000000000003,Regular,6
520,143,4,621.47,2024-08-09,2022-04-12,155.3675,2,2,2,6,2.0,Lost,7
521,169,4,475.45000000000005,2024-07-14,2023-05-01,118.86250000000001,2,2,1,5,1.8,Lost,7
522,240,7,1350.2199999999998,2024-05-04,2022-02-05,192.8885714285714,2,3,3,8,2.5,At-Risk,3
523,51,14,2842.51,2024-11-09,2022-01-03,203.0364285714286,4,5,5,14,4.5,High-Value,1
524,22,14,2018.07,2024-12-08,2022-01-02,144.14785714285713,5,5,4,14,4.8,High-Value,1
525,109,13,5804.79,2024-09-12,2022-03-07,446.52230769230766,3,5,5,13,4.0,Loyal,2
526,79,8,1816.51,2024-10-12,2022-04-28,227.06375,3,3,4,10,3.2,Regular,6
527,122,4,1156.64,2024-08-30,2022-01-11,289.16,3,2,3,8,2.7,Regular,6
528,217,4,710.54,2024-05-27,2023-04-15,177.635,2,2,2,6,2.0,Lost,7
529,50,7,864.21,2024-11-10,2023-03-05,123.45857142857143,4,3,2,9,3.3,Promising,4
530,776,1,23.53,2022-11-15,2022-11-15,23.53,1,1,1,3,1.0,Lost,7
531,5,17,3917.0899999999997,2024-12-25,2022-06-24,230.4170588235294,5,5,5,15,5.0,High-Value,1
532,108,7,1077.67,2024-09-13,2023-09-14,153.95285714285714,3,3,2,8,2.8,Regular,6
533,68,1,33.84,2024-10-23,2024-10-23,33.84,4,1,1,6,2.5,New,5
534,75,10,1939.5800000000002,2024-10-16,2022-01-07,193.95800000000003,4,4,4,12,4.0,High-Value,1
535,244,1,844.61,2024-04-30,2024-04-30,844.61,2,1,2,5,1.7000000000000002,Lost,7
536,48,8,1522.7,2024-11-12,2022-04-03,190.3375,4,3,3,10,3.5,Regular,6
537,39,10,2391.6000000000004,2024-11-21,2022-01-06,239.16000000000003,4,4,4,12,4.0,High-Value,1
538,23,3,349.01000000000005,2024-12-07,2024-03-01,116.33666666666669,5,1,1,7,3.0,New,5
539,189,7,1896.9599999999998,2024-06-24,2022-02-15,270.9942857142857,2,3,4,9,2.7,At-Risk,3
540,22,6,785.9100000000001,2024-12-08,2022-08-03,130.985,5,2,2,9,3.5,New,5
541,15,25,5705.69,2024-12-15,2022-01-22,228.2276,5,5,5,15,5.0,High-Value,1
542,70,8,2664.04,2024-10-21,2022-04-10,333.005,4,3,5,12,3.9,Regular,6
543,133,7,1463.2200000000003,2024-08-19,2022-04-09,209.03142857142862,3,3,3,9,3.0,Regular,6
544,115,4,524.9000000000001,2024-09-06,2022-09-07,131.22500000000002,3,2,1,6,2.3000000000000003,Regular,6
545,6,4,782.39,2024-12-24,2023-05-01,195.5975,5,2,2,9,3.5,New,5
546,399,5,774.7800000000001,2023-11-27,2022-02-27,154.95600000000002,1,2,2,5,1.5,Lost,7
547,63,6,547.53,2024-10-28,2022-08-18,91.255,4,2,1,7,2.8000000000000003,New,5
548,382,3,601.06,2023-12-14,2022-10-23,200.35333333333332,1,1,2,4,1.2000000000000002,Lost,7
549,233,4,987.5799999999999,2024-05-11,2022-06-07,246.89499999999998,2,2,2,6,2.0,Lost,7
550,35,7,1359.74,2024-11-25,2022-05-22,194.24857142857144,4,3,3,10,3.5,Regular,6
551,444,1,200.49,2023-10-13,2023-10-13,200.49,1,1,1,3,1.0,Lost,7
552,132,9,2565.38,2024-08-20,2022-02-13,285.0422222222222,3,4,4,11,3.5,Loyal,2
553,223,2,369.58,2024-05-21,2023-06-08,184.79,2,1,1,4,1.5,Lost,7
554,261,1,217.53,2024-04-13,2024-04-13,217.53,2,1,1,4,1.5,Lost,7
555,77,5,532.4899999999999,2024-10-14,2023-03-18,106.49799999999998,3,2,1,6,2.3000000000000003,Regular,6
556,98,4,994.78,2024-09-23,2022-09-10,248.695,3,2,2,7,2.5,Regular,6
557,35,6,1873.6399999999996,2024-11-25,2022-09-08,312.27333333333326,4,2,4,10,3.4000000000000004,Regular,6
558,179,9,2800.23,2024-07-04,2023-03-09,311.13666666666666,2,4,5,11,3.2,At-Risk,3
559,147,7,2064.19,2024-08-05,2022-05-04,294.88428571428574,2,3,4,9,2.7,At-Risk,3
560,98,10,1962.2099999999998,2024-09-23,2022-12-15,196.22099999999998,3,4,4,11,3.5,Loyal,2
561,63,17,2876.93,2024-10-28,2022-01-21,169.23117647058822,4,5,5,14,4.5,High-Value,1
562,279,6,1670.4900000000002,2024-03-26,2022-04-18,278.415,2,2,3,7,2.2,Regular,6
563,378,4,455.53,2023-12-18,2022-06-17,113.8825,1,2,1,4,1.3,Lost,7
564,25,12,1581.1999999999998,2024-12-05,2022-08-16,131.76666666666665,5,4,3,12,4.300000000000001,Regular,6
565,249,10,2536.26,2024-04-25,2022-01-30,253.62600000000003,2,4,4,10,3.0,At-Risk,3
566,222,4,953.87,2024-05-22,2022-01-06,238.4675,2,2,2,6,2.0,Lost,7
567,0,16,5092.85,2024-12-30,2022-02-01,318.303125,5,5,5,15,5.0,High-Value,1
568,86,7,853.6,2024-10-05,2022-05-19,121.94285714285715,3,3,2,8,2.8,Regular,6
569,17,12,2707.72,2024-12-13,2022-06-24,225.64333333333332,5,4,5,14,4.7,High-Value,1
570,207,4,544.99,2024-06-06,2022-08-18,136.2475,2,2,1,5,1.8,Lost,7
571,12,11,3760.9699999999993,2024-12-18,2022-02-06,341.90636363636355,5,4,5,14,4.7,High-Value,1
572,14,12,3645.8200000000006,2024-12-16,2023-05-04,303.8183333333334,5,4,5,14,4.7,High-Value,1
573,14,7,1504.1200000000001,2024-12-16,2022-01-30,214.87428571428572,5,3,3,11,4.0,Regular,6
574,30,9,1505.28,2024-11-30,2022-04-13,167.25333333333333,4,4,3,11,3.8000000000000003,Regular,6
575,12,8,1184.09,2024-12-18,2022-07-17,148.01125,5,3,3,11,4.0,Regular,6
576,151,6,360.75,2024-08-01,2022-11-05,60.125,2,2,1,5,1.8,Lost,7
577,25,11,1536.8400000000001,2024-12-05,2022-01-25,139.71272727272728,5,4,3,12,4.300000000000001,Regular,6
578,1,17,3613.4,2024-12-29,2022-01-20,212.5529411764706,5,5,5,15,5.0,High-Value,1
579,37,10,2416.31,2024-11-23,2022-06-11,241.631,4,4,4,12,4.0,High-Value,1
580,165,7,1235.64,2024-07-18,2022-10-21,176.52,2,3,3,8,2.5,At-Risk,3
581,716,1,165.59,2023-01-14,2023-01-14,165.59,1,1,1,3,1.0,Lost,7
582,78,3,1050.28,2024-10-13,2022-04-13,350.0933333333333,3,1,2,6,2.2,Regular,6
583,340,4,644.86,2024-01-25,2022-01-16,161.215,1,2,2,5,1.5,Lost,7
584,381,2,28.43,2023-12-15,2023-03-11,14.215,1,1,1,3,1.0,Lost,7
585,5,13,4424.75,2024-12-25,2022-04-21,340.36538461538464,5,5,5,15,5.0,High-Value,1
586,90,5,1095.69,2024-10-01,2022-07-06,219.138,3,2,2,7,2.5,Regular,6
587,17,6,502.56,2024-12-13,2022-02-13,83.76,5,2,1,8,3.3000000000000003,New,5
588,110,7,2117.5,2024-09-11,2022-02-19,302.5,3,3,4,10,3.2,Regular,6
589,88,6,718.4899999999999,2024-10-03,2022-02-21,119.74833333333332,3,2,2,7,2.5,Regular,6
590,30,13,2700.47,2024-11-30,2022-01-28,207.72846153846152,4,5,5,14,4.5,High-Value,1
591,113,6,1124.17,2024-09-08,2022-04-15,187.36166666666668,3,2,2,7,2.5,Regular,6
592,91,7,603.15,2024-09-30,2022-02-26,86.16428571428571,3,3,2,8,2.8,Regular,6
593,20,6,805.98,2024-12-10,2022-05-11,134.33,5,2,2,9,3.5,New,5
594,366,9,2014.3100000000002,2023-12-30,2022-06-30,223.81222222222223,1,4,4,9,2.5,At-Risk,3
595,151,8,1736.83,2024-08-01,2022-03-11,217.10375,2,3,3,8,2.5,At-Risk,3
596,312,4,976.2700000000001,2024-02-22,2022-04-04,244.06750000000002,1,2,2,5,1.5,Lost,7
597,33,14,3363.4,2024-11-27,2022-03-11,240.24285714285716,4,5,5,14,4.5,High-Value,1
598,481,2,440.46,2023-09-06,2023-07-22,220.23,1,1,1,3,1.0,Lost,7
599,7,21,4965.059999999999,2024-12-23,2022-01-11,236.4314285714285,5,5,5,15,5.0,High-Value,1
600,400,7,1681.55,2023-11-26,2022-06-04,240.22142857142856,1,3,3,7,2.0,At-Risk,3
601,28,18,3219.4900000000002,2024-12-02,2022-04-19,178.86055555555558,5,5,5,15,5.0,High-Value,1
602,62,6,1072.9099999999999,2024-10-29,2022-01-28,178.8183333333333,4,2,2,8,3.0,New,5
603,664,4,1115.44,2023-03-07,2022-05-13,278.86,1,2,2,5,1.5,Lost,7
604,113,9,1884.7,2024-09-08,2022-09-14,209.41111111111113,3,4,4,11,3.5,Loyal,2
605,147,13,2807.3100000000004,2024-08-05,2022-03-09,215.9469230769231,2,5,5,12,3.5,At-Risk,3
606,6,8,564.39,2024-12-24,2022-05-03,70.54875,5,3,2,10,3.8,Promising,4
607,95,6,1133.45,2024-09-26,2022-07-20,188.90833333333333,3,2,3,8,2.7,Regular,6
608,286,11,1883.2199999999998,2024-03-19,2022-02-28,171.20181818181817,1,4,4,9,2.5,At-Risk,3
609,382,8,1164.43,2023-12-14,2022-02-13,145.55375,1,3,3,7,2.0,At-Risk,3
610,178,16,2396.35,2024-07-05,2022-04-08,149.771875,2,5,4,11,3.3,At-Risk,3
611,374,3,559.21,2023-12-22,2023-08-09,186.40333333333334,1,1,1,3,1.0,Lost,7
612,12,7,1607.1699999999998,2024-12-18,2022-03-16,229.59571428571425,5,3,3,11,4.0,Regular,6
613,703,5,2250.5899999999997,2023-01-27,2022-01-25,450.11799999999994,1,2,4,7,1.9000000000000001,Regular,6
614,32,10,1743.83,2024-11-28,2022-08-08,174.38299999999998,4,4,3,11,3.8000000000000003,Regular,6
615,255,12,2265.07,2024-04-19,2022-07-30,188.75583333333336,2,4,4,10,3.0,At-Risk,3
616,512,2,243.12,2023-08-06,2023-07-22,121.56,1,1,1,3,1.0,Lost,7
617,148,8,1368.24,2024-08-04,2022-07-12,171.03,2,3,3,8,2.5,At-Risk,3
618,65,9,1682.5800000000002,2024-10-26,2022-02-05,186.95333333333335,4,4,3,11,3.8000000000000003,Regular,6
619,235,2,471.26,2024-05-09,2023-02-08,235.63,2,1,1,4,1.5,Lost,7
620,445,3,104.89,2023-10-12,2022-05-14,34.96333333333333,1,1,1,3,1.0,Lost,7
621,65,11,1609.95,2024-10-26,2022-03-22,146.35909090909092,4,4,3,11,3.8000000000000003,Regular,6
622,140,1,177.05,2024-08-12,2024-08-12,177.05,3,1,1,5,2.0,Regular,6
623,91,6,1176.93,2024-09-30,2022-03-17,196.155,3,2,3,8,2.7,Regular,6
624,47,11,2392.73,2024-11-13,2022-04-12,217.5209090909091,4,4,4,12,4.0,High-Value,1
625,11,12,1601.5199999999998,2024-12-19,2022-01-29,133.45999999999998,5,4,3,12,4.300000000000001,Regular,6
626,11,5,1092.46,2024-12-19,2022-02-08,218.49200000000002,5,2,2,9,3.5,New,5
627,67,6,690.46,2024-10-24,2022-03-04,115.07666666666667,4,2,2,8,3.0,New,5
628,90,7,1484.35,2024-10-01,2022-05-05,212.04999999999998,3,3,3,9,3.0,Regular,6
629,71,17,5407.04,2024-10-20,2022-07-22,318.06117647058824,4,5,5,14,4.5,High-Value,1
630,152,25,6077.4400000000005,2024-07-31,2022-01-24,243.09760000000003,2,5,5,12,3.5,At-Risk,3
631,4,11,2470.2,2024-12-26,2022-02-02,224.56363636363633,5,4,4,13,4.5,High-Value,1
632,1,8,1259.22,2024-12-29,2022-02-09,157.4025,5,3,3,11,4.0,Regular,6
633,286,3,1789.6,2024-03-19,2022-12-13,596.5333333333333,1,1,3,5,1.4000000000000001,Regular,6
634,28,11,1665.36,2024-12-02,2022-01-11,151.39636363636362,5,4,3,12,4.300000000000001,Regular,6
635,206,3,462.86,2024-06-07,2023-07-30,154.28666666666666,2,1,1,4,1.5,Lost,7
636,153,16,2978.6899999999996,2024-07-30,2022-01-06,186.16812499999997,2,5,5,12,3.5,At-Risk,3
637,0,4,989.27,2024-12-30,2023-05-26,247.3175,5,2,2,9,3.5,New,5
638,642,2,605.04,2023-03-29,2022-08-11,302.52,1,1,2,4,1.2000000000000002,Lost,7
639,165,15,2763.8500000000004,2024-07-18,2022-04-05,184.2566666666667,2,5,5,12,3.5,At-Risk,3
640,0,6,768.04,2024-12-30,2022-04-03,128.00666666666666,5,2,2,9,3.5,New,5
641,351,3,636.46,2024-01-14,2022-03-15,212.15333333333334,1,1,2,4,1.2000000000000002,Lost,7
642,27,11,3049.22,2024-12-03,2022-03-05,277.20181818181817,5,4,5,14,4.7,High-Value,1
643,187,4,757.31,2024-06-26,2022-08-24,189.3275,2,2,2,6,2.0,Lost,7
644,245,3,105.62,2024-04-29,2023-08-17,35.20666666666667,2,1,1,4,1.5,Lost,7
645,94,6,2236.1499999999996,2024-09-27,2022-11-13,372.6916666666666,3,2,4,9,2.9000000000000004,Regular,6
646,106,6,1214.05,2024-09-15,2022-01-27,202.34166666666667,3,2,3,8,2.7,Regular,6
647,588,1,37.3,2023-05-22,2023-05-22,37.3,1,1,1,3,1.0,Lost,7
648,383,5,1396.6,2023-12-13,2022-03-20,279.32,1,2,3,6,1.7000000000000002,Regular,6
649,19,9,1107.0900000000001,2024-12-11,2022-08-09,123.01000000000002,5,4,2,11,4.1000000000000005,Promising,4
650,477,4,239.5,2023-09-10,2022-03-11,59.875,1,2,1,4,1.3,Lost,7
651,601,2,402.16999999999996,2023-05-09,2023-04-30,201.08499999999998,1,1,1,3,1.0,Lost,7
652,4,4,590.9,2024-12-26,2022-05-21,147.725,5,2,2,9,3.5,New,5
653,504,4,586.21,2023-08-14,2022-01-17,146.5525,1,2,2,5,1.5,Lost,7
654,101,8,2344.27,2024-09-20,2022-01-24,293.03375,3,3,4,10,3.2,Regular,6
655,76,11,1575.81,2024-10-15,2022-02-17,143.25545454545454,3,4,3,10,3.3000000000000003,Regular,6
656,329,8,831.7900000000001,2024-02-05,2022-01-31,103.97375000000001,1,3,2,6,1.7999999999999998,Regular,6
657,648,2,437.71,2023-03-23,2022-06-10,218.855,1,1,1,3,1.0,Lost,7
658,471,5,1093.05,2023-09-16,2022-12-27,218.60999999999999,1,2,2,5,1.5,Lost,7
659,5,14,2828.33,2024-12-25,2022-03-24,202.02357142857142,5,5,5,15,5.0,High-Value,1
660,66,8,1837.94,2024-10-25,2022-04-04,229.7425,4,3,4,11,3.7,Regular,6
661,62,11,1510.6400000000003,2024-10-29,2022-05-19,137.33090909090913,4,4,3,11,3.8000000000000003,Regular,6
662,151,9,1170.08,2024-08-01,2022-01-24,130.0088888888889,2,4,3,9,2.8000000000000003,At-Risk,3
663,79,11,1961.77,2024-10-12,2022-01-10,178.34272727272727,3,4,4,11,3.5,Loyal,2
664,171,12,3221.42,2024-07-12,2022-02-20,268.45166666666665,2,4,5,11,3.2,At-Risk,3
665,88,3,1355.05,2024-10-03,2022-02-13,451.68333333333334,3,1,3,7,2.4000000000000004,Regular,6
666,20,19,3912.5099999999993,2024-12-10,2022-02-28,205.92157894736837,5,5,5,15,5.0,High-Value,1
667,282,4,307.54,2024-03-23,2022-07-22,76.885,2,2,1,5,1.8,Lost,7
668,316,6,660.7099999999999,2024-02-18,2022-06-13,110.11833333333333,1,2,2,5,1.5,Lost,7
669,143,9,1847.42,2024-08-09,2022-02-20,205.2688888888889,2,4,4,10,3.0,At-Risk,3
670,31,12,1346.32,2024-11-29,2022-01-06,112.19333333333333,4,4,3,11,3.8000000000000003,Regular,6
671,36,3,506.77,2024-11-24,2022-07-12,168.92333333333332,4,1,1,6,2.5,New,5
672,600,4,1048.47,2023-05-10,2022-02-06,262.1175,1,2,2,5,1.5,Lost,7
673,220,10,1301.93,2024-05-24,2022-01-13,130.193,2,4,3,9,2.8000000000000003,At-Risk,3
674,106,8,1241.81,2024-09-15,2022-03-17,155.22625,3,3,3,9,3.0,Regular,6
675,32,8,1913.19,2024-11-28,2022-10-07,239.14875,4,3,4,11,3.7,Regular,6
676,127,10,1712.8700000000001,2024-08-25,2022-02-13,171.287,3,4,3,10,3.3000000000000003,Regular,6
677,25,5,2056.43,2024-12-05,2022-04-08,411.28599999999994,5,2,4,11,3.9000000000000004,Regular,6
678,798,1,11.48,2022-10-24,2022-10-24,11.48,1,1,1,3,1.0,Lost,7
679,7,21,3845.0800000000004,2024-12-23,2022-01-19,183.09904761904764,5,5,5,15,5.0,High-Value,1
680,46,5,871.3199999999999,2024-11-14,2022-01-26,174.26399999999998,4,2,2,8,3.0,New,5
681,142,4,573.87,2024-08-10,2022-02-19,143.4675,3,2,2,7,2.5,Regular,6
682,297,10,3619.27,2024-03-08,2022-01-12,361.927,1,4,5,10,2.7,At-Risk,3
683,27,7,2328.0200000000004,2024-12-03,2022-05-12,332.5742857142858,5,3,4,12,4.2,Regular,6
684,88,13,2847.97,2024-10-03,2022-01-17,219.07461538461536,3,5,5,13,4.0,Loyal,2
685,279,4,1393.07,2024-03-26,2022-07-26,348.2675,2,2,3,7,2.2,Regular,6
686,292,6,609.47,2024-03-13,2022-04-23,101.57833333333333,1,2,2,5,1.5,Lost,7
687,295,3,397.28,2024-03-10,2023-03-25,132.42666666666665,1,1,1,3,1.0,Lost,7
688,261,5,579.5799999999999,2024-04-13,2022-05-26,115.91599999999998,2,2,2,6,2.0,Lost,7
689,59,10,2140.07,2024-11-01,2022-10-07,214.007,4,4,4,12,4.0,High-Value,1
690,20,5,669.87,2024-12-10,2022-05-09,133.974,5,2,2,9,3.5,New,5
691,43,8,1154.12,2024-11-17,2022-01-08,144.265,4,3,3,10,3.5,Regular,6
692,364,2,654.0600000000001,2024-01-01,2023-03-20,327.03000000000003,1,1,2,4,1.2000000000000002,Lost,7
693,71,18,4758.12,2024-10-20,2022-01-15,264.34,4,5,5,14,4.5,High-Value,1
694,115,9,2462.68,2024-09-06,2022-08-17,273.63111111111107,3,4,4,11,3.5,Loyal,2
695,222,4,488.4599999999999,2024-05-22,2022-02-25,122.11499999999998,2,2,1,5,1.8,Lost,7
696,9,2,183.19,2024-12-21,2023-07-26,91.595,5,1,1,7,3.0,New,5
697,112,8,5052.09,2024-09-09,2022-06-21,631.51125,3,3,5,11,3.4,Regular,6
698,5,15,3513.460000000001,2024-12-25,2022-02-21,234.23066666666674,5,5,5,15,5.0,High-Value,1
699,69,7,2066.87,2024-10-22,2022-09-01,295.26714285714286,4,3,4,11,3.7,Regular,6
700,69,9,1023.54,2024-10-22,2022-01-21,113.72666666666666,4,4,2,10,3.6,Promising,4
701,26,15,3512.0,2024-12-04,2022-05-07,234.13333333333333,5,5,5,15,5.0,High-Value,1
702,38,11,2816.42,2024-11-22,2022-01-03,256.03818181818184,4,4,5,13,4.2,High-Value,1
703,9,10,1208.06,2024-12-21,2022-10-14,120.806,5,4,3,12,4.300000000000001,Regular,6
704,91,5,1741.81,2024-09-30,2022-04-09,348.36199999999997,3,2,3,8,2.7,Regular,6
705,414,5,690.6800000000001,2023-11-12,2022-09-01,138.13600000000002,1,2,2,5,1.5,Lost,7
706,197,8,3689.63,2024-06-16,2022-07-05,461.20375,2,3,5,10,2.9,At-Risk,3
707,149,9,754.5000000000001,2024-08-03,2022-05-08,83.83333333333334,2,4,2,8,2.6,Regular,6
708,98,13,3191.15,2024-09-23,2022-01-08,245.47307692307692,3,5,5,13,4.0,Loyal,2
709,35,3,553.03,2024-11-25,2024-01-07,184.34333333333333,4,1,1,6,2.5,New,5
710,641,2,480.53999999999996,2023-03-30,2022-06-17,240.26999999999998,1,1,1,3,1.0,Lost,7
711,217,15,2510.97,2024-05-27,2022-01-21,167.398,2,5,4,11,3.3,At-Risk,3
712,24,21,4958.499999999999,2024-12-06,2022-01-15,236.11904761904756,5,5,5,15,5.0,High-Value,1
713,32,17,4607.75,2024-11-28,2022-04-02,271.04411764705884,4,5,5,14,4.5,High-Value,1
714,98,7,1932.5,2024-09-23,2022-04-29,276.07142857142856,3,3,4,10,3.2,Regular,6
715,126,7,1649.9700000000003,2024-08-26,2022-01-16,235.71000000000004,3,3,3,9,3.0,Regular,6
716,5,18,5207.26,2024-12-25,2022-01-21,289.2922222222222,5,5,5,15,5.0,High-Value,1
717,400,4,525.14,2023-11-26,2022-01-20,131.285,1,2,1,4,1.3,Lost,7
718,79,12,2023.1399999999999,2024-10-12,2022-07-06,168.595,3,4,4,11,3.5,Loyal,2
719,83,4,785.11,2024-10-08,2023-10-28,196.2775,3,2,2,7,2.5,Regular,6
720,16,15,3016.42,2024-12-14,2022-02-09,201.09466666666668,5,5,5,15,5.0,High-Value,1
721,48,4,699.6200000000001,2024-11-12,2022-01-10,174.90500000000003,4,2,2,8,3.0,New,5
722,78,11,3346.0299999999997,2024-10-13,2022-08-04,304.18454545454546,3,4,5,12,3.7,Loyal,2
723,409,3,347.77,2023-11-17,2022-11-14,115.92333333333333,1,1,1,3,1.0,Lost,7
724,150,7,702.8999999999999,2024-08-02,2022-10-06,100.4142857142857,2,3,2,7,2.3,Regular,6
725,19,7,3152.7999999999997,2024-12-11,2022-04-08,450.4,5,3,5,13,4.4,Regular,6
726,127,5,526.09,2024-08-25,2023-07-05,105.218,3,2,1,6,2.3000000000000003,Regular,6
727,933,2,221.66,2022-06-11,2022-01-31,110.83,1,1,1,3,1.0,Lost,7
728,240,9,3957.03,2024-05-04,2022-03-04,439.67,2,4,5,11,3.2,At-Risk,3
729,103,9,1802.76,2024-09-18,2022-07-27,200.30666666666667,3,4,4,11,3.5,Loyal,2
730,220,8,1966.27,2024-05-24,2022-01-26,245.78375,2,3,4,9,2.7,At-Risk,3
731,142,6,951.9900000000001,2024-08-10,2022-04-30,158.66500000000002,3,2,2,7,2.5,Regular,6
732,971,2,179.38,2022-05-04,2022-02-19,89.69,1,1,1,3,1.0,Lost,7
733,0,5,488.0899999999999,2024-12-30,2022-04-21,97.61799999999998,5,2,1,8,3.3000000000000003,New,5
734,8,9,1648.4199999999998,2024-12-22,2022-09-12,183.15777777777777,5,4,3,12,4.300000000000001,Regular,6
735,99,3,89.76,2024-09-22,2022-11-26,29.92,3,1,1,5,2.0,Regular,6
736,47,12,1575.6000000000001,2024-11-13,2022-07-13,131.3,4,4,3,11,3.8000000000000003,Regular,6
737,118,2,335.81,2024-09-03,2023-11-22,167.905,3,1,1,5,2.0,Regular,6
738,106,7,2352.9600000000005,2024-09-15,2022-02-20,336.1371428571429,3,3,4,10,3.2,Regular,6
739,30,10,2006.6100000000001,2024-11-30,2022-01-26,200.661,4,4,4,12,4.0,High-Value,1
740,19,10,1528.62,2024-12-11,2022-05-20,152.862,5,4,3,12,4.300000000000001,Regular,6
741,190,16,3505.09,2024-06-23,2022-01-06,219.068125,2,5,5,12,3.5,At-Risk,3
742,282,13,1887.89,2024-03-23,2022-09-19,145.2223076923077,2,5,4,11,3.3,At-Risk,3
743,180,6,533.29,2024-07-03,2022-03-30,88.88166666666666,2,2,1,5,1.8,Lost,7
744,159,11,4186.61,2024-07-24,2022-01-17,380.60090909090906,2,4,5,11,3.2,At-Risk,3
745,579,4,237.75,2023-05-31,2022-01-20,59.4375,1,2,1,4,1.3,Lost,7
746,13,19,4122.889999999999,2024-12-17,2022-02-01,216.99421052631575,5,5,5,15,5.0,High-Value,1
747,41,10,2530.4400000000005,2024-11-19,2022-01-31,253.04400000000004,4,4,4,12,4.0,High-Value,1
748,2,6,977.17,2024-12-28,2022-04-19,162.86166666666665,5,2,2,9,3.5,New,5
749,23,15,2633.15,2024-12-07,2022-01-14,175.54333333333335,5,5,4,14,4.8,High-Value,1
750,120,13,4198.4800000000005,2024-09-01,2022-01-03,322.96000000000004,3,5,5,13,4.0,Loyal,2
751,17,8,2966.24,2024-12-13,2022-05-21,370.78,5,3,5,13,4.4,Regular,6
752,171,15,3195.25,2024-07-12,2022-03-14,213.01666666666668,2,5,5,12,3.5,At-Risk,3
753,150,11,1762.12,2024-08-02,2022-03-25,160.19272727272727,2,4,3,9,2.8000000000000003,At-Risk,3
754,79,12,2004.9500000000003,2024-10-12,2022-02-04,167.07916666666668,3,4,4,11,3.5,Loyal,2
755,60,13,2878.12,2024-10-31,2022-03-10,221.39384615384614,4,5,5,14,4.5,High-Value,1
756,285,7,939.4599999999999,2024-03-20,2022-02-16,134.20857142857142,2,3,2,7,2.3,Regular,6
757,160,6,1044.0400000000002,2024-07-23,2022-02-09,174.0066666666667,2,2,2,6,2.0,Lost,7
758,75,9,1934.91,2024-10-16,2022-09-29,214.99,4,4,4,12,4.0,High-Value,1
759,120,12,3862.5,2024-09-01,2022-03-14,321.875,3,4,5,12,3.7,Loyal,2
760,159,9,3099.12,2024-07-24,2022-03-18,344.34666666666664,2,4,5,11,3.2,At-Risk,3
761,2,3,741.98,2024-12-28,2024-03-10,247.32666666666668,5,1,2,8,3.1999999999999997,New,5
762,551,1,630.78,2023-06-28,2023-06-28,630.78,1,1,2,4,1.2000000000000002,Lost,7
763,32,8,807.05,2024-11-28,2022-07-11,100.88125,4,3,2,9,3.3,Promising,4
764,11,8,1953.1000000000001,2024-12-19,2022-03-03,244.13750000000002,5,3,4,12,4.2,Regular,6
765,3,25,4804.31,2024-12-27,2022-01-15,192.1724,5,5,5,15,5.0,High-Value,1
766,17,18,4709.14,2024-12-13,2022-02-25,261.61888888888893,5,5,5,15,5.0,High-Value,1
767,51,8,2191.35,2024-11-09,2022-05-10,273.91875,4,3,4,11,3.7,Regular,6
768,3,4,304.78,2024-12-27,2022-11-15,76.195,5,2,1,8,3.3000000000000003,New,5
769,55,3,794.14,2024-11-05,2022-01-20,264.7133333333333,4,1,2,7,2.6999999999999997,New,5
770,15,8,916.6,2024-12-15,2023-01-16,114.575,5,3,2,10,3.8,Promising,4
771,803,2,335.64,2022-10-19,2022-09-29,167.82,1,1,1,3,1.0,Lost,7
772,23,9,3075.3300000000004,2024-12-07,2022-04-21,341.7033333333334,5,4,5,14,4.7,High-Value,1
773,313,3,1569.68,2024-02-21,2022-10-19,523.2266666666667,1,1,3,5,1.4000000000000001,Regular,6
774,0,14,4441.1900000000005,2024-12-30,2022-11-07,317.2278571428572,5,5,5,15,5.0,High-Value,1
775,185,2,843.97,2024-06-28,2023-11-25,421.985,2,1,2,5,1.7000000000000002,Lost,7
776,251,5,2576.6400000000003,2024-04-23,2022-08-05,515.3280000000001,2,2,4,8,2.4000000000000004,Regular,6
777,45,10,2338.05,2024-11-15,2022-09-17,233.805,4,4,4,12,4.0,High-Value,1
778,10,6,652.99,2024-12-20,2022-02-04,108.83166666666666,5,2,2,9,3.5,New,5
779,88,5,1329.1,2024-10-03,2022-10-09,265.82,3,2,3,8,2.7,Regular,6
780,32,6,2051.04,2024-11-28,2022-01-25,341.84,4,2,4,10,3.4000000000000004,Regular,6
781,5,1,354.66,2024-12-25,2024-12-25,354.66,5,1,1,7,3.0,New,5
782,15,13,1971.96,2024-12-15,2022-02-05,151.68923076923076,5,5,4,14,4.8,High-Value,1
783,177,6,1726.48,2024-07-06,2022-02-25,287.74666666666667,2,2,3,7,2.2,Regular,6
784,21,1,141.06,2024-12-09,2024-12-09,141.06,5,1,1,7,3.0,New,5
785,82,13,5572.759999999999,2024-10-09,2022-08-07,428.6738461538461,3,5,5,13,4.0,Loyal,2
786,54,9,2823.53,2024-11-06,2022-04-17,313.72555555555556,4,4,5,13,4.2,High-Value,1
787,336,7,1654.0300000000002,2024-01-29,2022-10-02,236.29000000000002,1,3,3,7,2.0,At-Risk,3
788,14,6,1432.12,2024-12-16,2022-02-17,238.68666666666664,5,2,3,10,3.7,Regular,6
789,145,19,4480.78,2024-08-07,2022-01-30,235.83052631578946,2,5,5,12,3.5,At-Risk,3
790,20,7,1616.6599999999999,2024-12-10,2022-08-25,230.95142857142855,5,3,3,11,4.0,Regular,6
791,606,2,489.23,2023-05-04,2022-08-06,244.615,1,1,1,3,1.0,Lost,7
792,69,9,1357.37,2024-10-22,2022-01-24,150.81888888888886,4,4,3,11,3.8000000000000003,Regular,6
793,718,1,49.12,2023-01-12,2023-01-12,49.12,1,1,1,3,1.0,Lost,7
794,63,5,781.1,2024-10-28,2022-03-11,156.22,4,2,2,8,3.0,New,5
795,93,5,1213.59,2024-09-28,2022-06-01,242.718,3,2,3,8,2.7,Regular,6
796,20,10,1833.89,2024-12-10,2022-01-06,183.389,5,4,4,13,4.5,High-Value,1
797,28,2,177.06,2024-12-02,2022-03-30,88.53,5,1,1,7,3.0,New,5
798,23,7,3127.03,2024-12-07,2022-06-19,446.71857142857147,5,3,5,13,4.4,Regular,6
799,85,24,6984.700000000001,2024-10-06,2022-03-21,291.0291666666667,3,5,5,13,4.0,Loyal,2
800,278,5,1267.5800000000002,2024-03-27,2022-02-16,253.51600000000002,2,2,3,7,2.2,Regular,6
801,91,20,4016.77,2024-09-30,2022-01-12,200.8385,3,5,5,13,4.0,Loyal,2
802,256,6,1460.97,2024-04-18,2022-03-03,243.495,2,2,3,7,2.2,Regular,6
803,905,1,10.0,2022-07-09,2022-07-09,10.0,1,1,1,3,1.0,Lost,7
804,158,12,2665.99,2024-07-25,2022-01-06,222.16583333333332,2,4,5,11,3.2,At-Risk,3
805,164,11,3229.24,2024-07-19,2022-03-08,293.5672727272727,2,4,5,11,3.2,At-Risk,3
806,90,9,2948.5899999999997,2024-10-01,2022-03-10,327.6211111111111,3,4,5,12,3.7,Loyal,2
807,340,8,1907.2300000000002,2024-01-25,2022-03-07,238.40375000000003,1,3,4,8,2.2,At-Risk,3
808,36,10,1769.6399999999999,2024-11-24,2022-01-14,176.964,4,4,3,11,3.8000000000000003,Regular,6
809,3,10,1411.5599999999997,2024-12-27,2022-06-04,141.15599999999998,5,4,3,12,4.300000000000001,Regular,6
810,101,9,1434.8899999999999,2024-09-20,2022-06-29,159.4322222222222,3,4,3,10,3.3000000000000003,Regular,6
811,607,4,690.22,2023-05-03,2022-11-30,172.555,1,2,2,5,1.5,Lost,7
812,1,16,3940.5299999999997,2024-12-29,2022-07-11,246.28312499999998,5,5,5,15,5.0,High-Value,1
813,43,7,1102.01,2024-11-17,2023-01-27,157.43,4,3,2,9,3.3,Promising,4
814,285,2,109.55,2024-03-20,2024-02-12,54.775,2,1,1,4,1.5,Lost,7
815,66,24,5463.09,2024-10-25,2022-01-09,227.62875,4,5,5,14,4.5,High-Value,1
816,140,7,1527.6000000000001,2024-08-12,2022-07-04,218.22857142857146,3,3,3,9,3.0,Regular,6
817,56,4,656.5600000000001,2024-11-04,2022-02-28,164.14000000000001,4,2,2,8,3.0,New,5
818,75,10,1956.59,2024-10-16,2022-06-03,195.659,4,4,4,12,4.0,High-Value,1
819,26,3,655.64,2024-12-04,2023-07-18,218.54666666666665,5,1,2,8,3.1999999999999997,New,5
820,142,8,1224.71,2024-08-10,2022-03-28,153.08875,3,3,3,9,3.0,Regular,6
821,69,15,4754.25,2024-10-22,2022-02-09,316.95,4,5,5,14,4.5,High-Value,1
822,115,4,2034.8899999999999,2024-09-06,2022-06-03,508.72249999999997,3,2,4,9,2.9000000000000004,Regular,6
823,264,6,789.4000000000001,2024-04-10,2023-01-04,131.5666666666667,2,2,2,6,2.0,Lost,7
824,48,6,1657.96,2024-11-12,2022-03-21,276.32666666666665,4,2,3,9,3.2,Regular,6
825,40,11,2329.0999999999995,2024-11-20,2022-01-09,211.7363636363636,4,4,4,12,4.0,High-Value,1
826,416,6,1223.29,2023-11-10,2022-05-17,203.88166666666666,1,2,3,6,1.7000000000000002,Regular,6
827,292,2,64.5,2024-03-13,2022-08-09,32.25,1,1,1,3,1.0,Lost,7
828,153,9,1852.7600000000002,2024-07-30,2022-03-09,205.86222222222224,2,4,4,10,3.0,At-Risk,3
829,9,10,2240.52,2024-12-21,2022-04-09,224.052,5,4,4,13,4.5,High-Value,1
830,97,9,2081.27,2024-09-24,2022-02-24,231.25222222222223,3,4,4,11,3.5,Loyal,2
831,74,10,2623.59,2024-10-17,2022-01-26,262.35900000000004,4,4,4,12,4.0,High-Value,1
832,15,6,1787.69,2024-12-15,2022-07-22,297.9483333333333,5,2,3,10,3.7,Regular,6
833,521,2,916.53,2023-07-28,2022-11-27,458.265,1,1,2,4,1.2000000000000002,Lost,7
834,823,1,224.71,2022-09-29,2022-09-29,224.71,1,1,1,3,1.0,Lost,7
835,105,11,2703.33,2024-09-16,2022-01-18,245.75727272727272,3,4,5,12,3.7,Loyal,2
836,187,8,1256.9,2024-06-26,2022-08-01,157.1125,2,3,3,8,2.5,At-Risk,3
837,62,20,4924.639999999999,2024-10-29,2022-02-23,246.23199999999997,4,5,5,14,4.5,High-Value,1
838,50,18,2015.6899999999998,2024-11-10,2022-06-07,111.98277777777777,4,5,4,13,4.3,High-Value,1
839,33,13,2046.8299999999997,2024-11-27,2022-02-07,157.44846153846152,4,5,4,13,4.3,High-Value,1
840,70,3,981.78,2024-10-21,2023-09-14,327.26,4,1,2,7,2.6999999999999997,New,5
841,128,6,586.64,2024-08-24,2022-03-09,97.77333333333333,3,2,2,7,2.5,Regular,6
842,431,4,550.84,2023-10-26,2022-03-21,137.71,1,2,1,4,1.3,Lost,7
843,19,10,3235.7,2024-12-11,2022-10-20,323.57,5,4,5,14,4.7,High-Value,1
844,139,8,1922.98,2024-08-13,2022-04-18,240.3725,3,3,4,10,3.2,Regular,6
845,224,11,2236.74,2024-05-20,2022-03-09,203.33999999999997,2,4,4,10,3.0,At-Risk,3
846,40,13,2644.3,2024-11-20,2022-01-11,203.40769230769232,4,5,5,14,4.5,High-Value,1
847,35,18,4099.95,2024-11-25,2022-02-02,227.77499999999998,4,5,5,14,4.5,High-Value,1
848,131,6,804.1500000000001,2024-08-21,2022-04-27,134.025,3,2,2,7,2.5,Regular,6
849,501,6,908.48,2023-08-17,2022-03-22,151.41333333333333,1,2,2,5,1.5,Lost,7
850,63,11,2307.8,2024-10-28,2022-07-16,209.8,4,4,4,12,4.0,High-Value,1
851,101,8,1636.37,2024-09-20,2022-02-09,204.54625,3,3,3,9,3.0,Regular,6
852,69,12,2565.9,2024-10-22,2022-02-01,213.82500000000002,4,4,4,12,4.0,High-Value,1
853,126,2,189.09,2024-08-26,2022-10-19,94.545,3,1,1,5,2.0,Regular,6
854,143,11,2733.6800000000003,2024-08-09,2022-01-24,248.51636363636365,2,4,5,11,3.2,At-Risk,3
855,50,12,2081.5,2024-11-10,2022-04-14,173.45833333333334,4,4,4,12,4.0,High-Value,1
856,13,14,3655.7599999999993,2024-12-17,2022-01-17,261.12571428571425,5,5,5,15,5.0,High-Value,1
857,6,9,2457.9500000000003,2024-12-24,2022-10-14,273.1055555555556,5,4,4,13,4.5,High-Value,1
858,410,5,1386.67,2023-11-16,2022-03-23,277.334,1,2,3,6,1.7000000000000002,Regular,6
859,6,7,1104.75,2024-12-24,2022-02-15,157.82142857142858,5,3,2,10,3.8,Promising,4
860,378,4,1450.61,2023-12-18,2022-12-09,362.6525,1,2,3,6,1.7000000000000002,Regular,6
861,228,5,1579.61,2024-05-16,2022-02-03,315.92199999999997,2,2,3,7,2.2,Regular,6
862,80,8,1545.24,2024-10-11,2022-03-15,193.155,3,3,3,9,3.0,Regular,6
863,390,11,1898.11,2023-12-06,2022-02-17,172.55545454545452,1,4,4,9,2.5,At-Risk,3
864,11,19,3967.3500000000004,2024-12-19,2022-02-05,208.80789473684212,5,5,5,15,5.0,High-Value,1
865,24,20,4225.34,2024-12-06,2022-01-06,211.267,5,5,5,15,5.0,High-Value,1
866,168,8,2069.51,2024-07-15,2022-10-17,258.68875,2,3,4,9,2.7,At-Risk,3
867,408,2,687.58,2023-11-18,2022-05-12,343.79,1,1,2,4,1.2000000000000002,Lost,7
868,0,10,2245.12,2024-12-30,2022-03-18,224.512,5,4,4,13,4.5,High-Value,1
869,107,11,1788.0300000000002,2024-09-14,2022-02-09,162.54818181818183,3,4,3,10,3.3000000000000003,Regular,6
870,40,8,1943.12,2024-11-20,2022-02-11,242.89,4,3,4,11,3.7,Regular,6
871,41,8,2257.3599999999997,2024-11-19,2022-11-30,282.16999999999996,4,3,4,11,3.7,Regular,6
872,85,4,977.6299999999999,2024-10-06,2022-11-17,244.40749999999997,3,2,2,7,2.5,Regular,6
873,171,3,636.3799999999999,2024-07-12,2023-05-30,212.12666666666664,2,1,2,5,1.7000000000000002,Lost,7
874,24,11,3593.68,2024-12-06,2022-07-20,326.6981818181818,5,4,5,14,4.7,High-Value,1
875,3,7,2284.33,2024-12-27,2022-04-24,326.3328571428571,5,3,4,12,4.2,Regular,6
876,12,8,1934.58,2024-12-18,2022-01-13,241.8225,5,3,4,12,4.2,Regular,6
877,178,6,619.84,2024-07-05,2022-12-23,103.30666666666667,2,2,2,6,2.0,Lost,7
878,72,12,2719.1000000000004,2024-10-19,2022-03-15,226.5916666666667,4,4,5,13,4.2,High-Value,1
879,112,18,5176.29,2024-09-09,2022-01-05,287.57166666666666,3,5,5,13,4.0,Loyal,2
880,8,2,401.47,2024-12-22,2022-02-13,200.735,5,1,1,7,3.0,New,5
881,207,11,2433.2700000000004,2024-06-06,2022-02-06,221.20636363636368,2,4,4,10,3.0,At-Risk,3
882,52,6,1148.99,2024-11-08,2022-12-01,191.49833333333333,4,2,3,9,3.2,Regular,6
883,313,2,405.32000000000005,2024-02-21,2022-05-28,202.66000000000003,1,1,1,3,1.0,Lost,7
884,816,4,417.34,2022-10-06,2022-01-16,104.335,1,2,1,4,1.3,Lost,7
885,46,13,2126.87,2024-11-14,2022-03-02,163.6053846153846,4,5,4,13,4.3,High-Value,1
886,116,11,2360.49,2024-09-05,2022-01-15,214.58999999999997,3,4,4,11,3.5,Loyal,2
887,255,15,3345.76,2024-04-19,2022-02-05,223.05066666666667,2,5,5,12,3.5,At-Risk,3
888,602,5,1361.82,2023-05-08,2022-06-12,272.364,1,2,3,6,1.7000000000000002,Regular,6
889,124,15,3694.15,2024-08-28,2022-03-07,246.27666666666667,3,5,5,13,4.0,Loyal,2
890,490,3,512.55,2023-08-28,2022-01-12,170.85,1,1,1,3,1.0,Lost,7
891,162,1,151.37,2024-07-21,2024-07-21,151.37,2,1,1,4,1.5,Lost,7
892,16,5,1423.4299999999998,2024-12-14,2022-02-19,284.686,5,2,3,10,3.7,Regular,6
893,50,8,1812.5900000000001,2024-11-10,2022-07-04,226.57375000000002,4,3,4,11,3.7,Regular,6
894,391,12,1945.3,2023-12-05,2022-03-06,162.10833333333332,1,4,4,9,2.5,At-Risk,3
895,4,17,5411.93,2024-12-26,2022-01-06,318.3488235294118,5,5,5,15,5.0,High-Value,1
896,14,5,1404.86,2024-12-16,2023-07-10,280.972,5,2,3,10,3.7,Regular,6
897,36,8,1040.27,2024-11-24,2022-01-10,130.03375,4,3,2,9,3.3,Promising,4
898,5,4,473.0899999999999,2024-12-25,2024-04-20,118.27249999999998,5,2,1,8,3.3000000000000003,New,5
899,114,5,709.1500000000001,2024-09-07,2022-01-14,141.83,3,2,2,7,2.5,Regular,6
900,555,1,22.45,2023-06-24,2023-06-24,22.45,1,1,1,3,1.0,Lost,7
901,16,23,3900.6800000000003,2024-12-14,2022-02-21,169.59478260869565,5,5,5,15,5.0,High-Value,1
902,94,5,1327.75,2024-09-27,2023-04-25,265.55,3,2,3,8,2.7,Regular,6
903,214,6,682.6400000000001,2024-05-30,2022-07-07,113.77333333333335,2,2,2,6,2.0,Lost,7
904,221,4,1194.24,2024-05-23,2022-10-11,298.56,2,2,3,7,2.2,Regular,6
905,173,5,986.59,2024-07-10,2022-12-09,197.318,2,2,2,6,2.0,Lost,7
906,231,7,1626.28,2024-05-13,2022-11-10,232.32571428571427,2,3,3,8,2.5,At-Risk,3
907,28,16,2837.29,2024-12-02,2022-01-01,177.330625,5,5,5,15,5.0,High-Value,1
908,32,14,3243.7599999999993,2024-11-28,2022-02-06,231.6971428571428,4,5,5,14,4.5,High-Value,1
909,34,16,2348.8900000000003,2024-11-26,2022-02-07,146.80562500000002,4,5,4,13,4.3,High-Value,1
910,147,10,1222.54,2024-08-05,2022-01-13,122.25399999999999,2,4,3,9,2.8000000000000003,At-Risk,3
911,4,10,1472.2500000000002,2024-12-26,2022-04-27,147.22500000000002,5,4,3,12,4.300000000000001,Regular,6
912,109,6,745.3100000000001,2024-09-12,2022-07-23,124.21833333333335,3,2,2,7,2.5,Regular,6
913,30,5,815.6500000000001,2024-11-30,2022-09-17,163.13000000000002,4,2,2,8,3.0,New,5
914,108,7,1613.23,2024-09-13,2022-10-07,230.46142857142857,3,3,3,9,3.0,Regular,6
915,70,9,1129.49,2024-10-21,2022-02-23,125.49888888888889,4,4,3,11,3.8000000000000003,Regular,6
916,12,2,579.61,2024-12-18,2023-12-02,289.805,5,1,2,8,3.1999999999999997,New,5
917,104,15,3223.8300000000004,2024-09-17,2022-01-10,214.92200000000003,3,5,5,13,4.0,Loyal,2
918,654,1,57.88,2023-03-17,2023-03-17,57.88,1,1,1,3,1.0,Lost,7
919,324,1,371.63,2024-02-10,2024-02-10,371.63,1,1,1,3,1.0,Lost,7
920,53,4,221.25,2024-11-07,2022-03-19,55.3125,4,2,1,7,2.8000000000000003,New,5
921,348,7,2123.9,2024-01-17,2022-01-29,303.4142857142857,1,3,4,8,2.2,At-Risk,3
922,164,10,1788.54,2024-07-19,2022-01-16,178.85399999999998,2,4,3,9,2.8000000000000003,At-Risk,3
923,86,12,2230.75,2024-10-05,2022-01-28,185.89583333333334,3,4,4,11,3.5,Loyal,2
924,400,4,1370.26,2023-11-26,2023-03-28,342.565,1,2,3,6,1.7000000000000002,Regular,6
925,116,7,2691.59,2024-09-05,2022-04-12,384.5128571428572,3,3,5,11,3.4,Regular,6
926,186,12,3368.5000000000005,2024-06-27,2022-03-11,280.70833333333337,2,4,5,11,3.2,At-Risk,3
927,41,10,2113.61,2024-11-19,2022-02-05,211.36100000000002,4,4,4,12,4.0,High-Value,1
928,71,3,124.1,2024-10-20,2022-01-03,41.36666666666667,4,1,1,6,2.5,New,5
929,261,10,2143.66,2024-04-13,2022-04-02,214.36599999999999,2,4,4,10,3.0,At-Risk,3
930,924,2,388.02,2022-06-20,2022-05-15,194.01,1,1,1,3,1.0,Lost,7
931,93,7,1524.53,2024-09-28,2022-03-18,217.79,3,3,3,9,3.0,Regular,6
932,127,8,671.08,2024-08-25,2022-01-03,83.885,3,3,2,8,2.8,Regular,6
933,567,5,1008.0699999999999,2023-06-12,2022-02-02,201.61399999999998,1,2,2,5,1.5,Lost,7
934,20,14,3104.9500000000003,2024-12-10,2022-04-02,221.78214285714287,5,5,5,15,5.0,High-Value,1
935,507,1,302.01,2023-08-11,2023-08-11,302.01,1,1,1,3,1.0,Lost,7
936,123,4,1035.11,2024-08-29,2022-10-06,258.7775,3,2,2,7,2.5,Regular,6
937,220,5,888.8299999999998,2024-05-24,2022-06-23,177.76599999999996,2,2,2,6,2.0,Lost,7
938,44,1,176.35,2024-11-16,2024-11-16,176.35,4,1,1,6,2.5,New,5
939,27,17,4394.09,2024-12-03,2022-03-19,258.4758823529412,5,5,5,15,5.0,High-Value,1
940,125,16,3181.0099999999998,2024-08-27,2022-04-19,198.81312499999999,3,5,5,13,4.0,Loyal,2
941,523,4,779.11,2023-07-26,2022-09-25,194.7775,1,2,2,5,1.5,Lost,7
942,181,3,1115.68,2024-07-02,2022-02-19,371.8933333333334,2,1,2,5,1.7000000000000002,Lost,7
943,18,4,350.75,2024-12-12,2023-02-07,87.6875,5,2,1,8,3.3000000000000003,New,5
944,61,7,1405.6000000000001,2024-10-30,2022-04-24,200.8,4,3,3,10,3.5,Regular,6
945,103,7,2788.5099999999998,2024-09-18,2022-11-22,398.3585714285714,3,3,5,11,3.4,Regular,6
946,5,11,2603.9300000000003,2024-12-25,2022-06-04,236.72090909090912,5,4,4,13,4.5,High-Value,1
947,921,1,31.81,2022-06-23,2022-06-23,31.81,1,1,1,3,1.0,Lost,7
948,43,7,2339.08,2024-11-17,2022-05-09,334.1542857142857,4,3,4,11,3.7,Regular,6
949,150,8,2559.3199999999997,2024-08-02,2022-02-19,319.91499999999996,2,3,4,9,2.7,At-Risk,3
950,142,10,2073.43,2024-08-10,2022-01-04,207.343,3,4,4,11,3.5,Loyal,2
951,870,3,385.21,2022-08-13,2022-02-04,128.40333333333334,1,1,1,3,1.0,Lost,7
952,83,10,1359.85,2024-10-08,2023-04-28,135.98499999999999,3,4,3,10,3.3000000000000003,Regular,6
953,102,7,1123.81,2024-09-19,2022-03-30,160.5442857142857,3,3,2,8,2.8,Regular,6
954,305,2,530.25,2024-02-29,2023-01-05,265.125,1,1,1,3,1.0,Lost,7
955,210,4,532.98,2024-06-03,2022-07-09,133.245,2,2,1,5,1.8,Lost,7
956,87,10,2486.1099999999997,2024-10-04,2022-02-12,248.61099999999996,3,4,4,11,3.5,Loyal,2
957,195,9,2060.9,2024-06-18,2022-03-25,228.9888888888889,2,4,4,10,3.0,At-Risk,3
958,74,15,2602.11,2024-10-17,2022-04-09,173.47400000000002,4,5,4,13,4.3,High-Value,1
959,390,4,1334.3400000000001,2023-12-06,2022-04-30,333.58500000000004,1,2,3,6,1.7000000000000002,Regular,6
960,4,5,1293.78,2024-12-26,2022-03-17,258.756,5,2,3,10,3.7,Regular,6
961,35,10,3073.63,2024-11-25,2022-04-14,307.363,4,4,5,13,4.2,High-Value,1
962,346,7,1437.77,2024-01-19,2022-04-07,205.3957142857143,1,3,3,7,2.0,At-Risk,3
963,170,9,1763.7700000000002,2024-07-13,2022-03-18,195.97444444444446,2,4,3,9,2.8000000000000003,At-Risk,3
964,3,7,718.5899999999999,2024-12-27,2022-05-31,102.65571428571427,5,3,2,10,3.8,Promising,4
965,57,17,3283.88,2024-11-03,2022-01-02,193.1694117647059,4,5,5,14,4.5,High-Value,1
966,36,11,2527.41,2024-11-24,2022-03-18,229.76454545454544,4,4,4,12,4.0,High-Value,1
967,134,6,1276.54,2024-08-18,2022-07-20,212.75666666666666,3,2,3,8,2.7,Regular,6
968,501,2,591.3499999999999,2023-08-17,2022-05-03,295.67499999999995,1,1,2,4,1.2000000000000002,Lost,7
969,163,4,389.89,2024-07-20,2022-04-25,97.4725,2,2,1,5,1.8,Lost,7
970,92,6,680.3299999999999,2024-09-29,2022-01-14,113.38833333333332,3,2,2,7,2.5,Regular,6
971,17,19,3394.7999999999997,2024-12-13,2022-07-08,178.6736842105263,5,5,5,15,5.0,High-Value,1
972,102,9,3588.59,2024-09-19,2022-02-26,398.7322222222222,3,4,5,12,3.7,Loyal,2
973,369,4,690.41,2023-12-27,2022-02-17,172.6025,1,2,2,5,1.5,Lost,7
974,144,2,451.82,2024-08-08,2022-11-20,225.91,2,1,1,4,1.5,Lost,7
975,981,1,153.44,2022-04-24,2022-04-24,153.44,1,1,1,3,1.0,Lost,7
976,115,7,1704.7499999999998,2024-09-06,2022-09-30,243.53571428571425,3,3,3,9,3.0,Regular,6
977,126,7,2681.36,2024-08-26,2022-09-21,383.0514285714286,3,3,5,11,3.4,Regular,6
978,11,2,316.61,2024-12-19,2023-06-01,158.305,5,1,1,7,3.0,New,5
979,513,3,925.6700000000001,2023-08-05,2023-06-02,308.5566666666667,1,1,2,4,1.2000000000000002,Lost,7
980,31,2,1097.29,2024-11-29,2022-11-12,548.645,4,1,2,7,2.6999999999999997,New,5
981,189,13,3277.99,2024-06-24,2022-02-17,252.1530769230769,2,5,5,12,3.5,At-Risk,3
982,105,2,738.66,2024-09-16,2022-08-28,369.33,3,1,2,6,2.2,Regular,6
983,56,15,2444.59,2024-11-04,2022-02-15,162.97266666666667,4,5,4,13,4.3,High-Value,1
984,269,2,305.32,2024-04-05,2022-07-20,152.66,2,1,1,4,1.5,Lost,7
985,134,7,1374.7200000000003,2024-08-18,2022-05-20,196.38857142857145,3,3,3,9,3.0,Regular,6
986,6,17,3953.88,2024-12-24,2022-01-28,232.58117647058825,5,5,5,15,5.0,High-Value,1
987,168,4,745.55,2024-07-15,2022-01-04,186.3875,2,2,2,6,2.0,Lost,7
988,179,12,2128.78,2024-07-04,2022-02-12,177.39833333333334,2,4,4,10,3.0,At-Risk,3
989,65,22,5379.0199999999995,2024-10-26,2022-01-11,244.50090909090906,4,5,5,14,4.5,High-Value,1
990,23,7,1974.94,2024-12-07,2022-03-11,282.13428571428574,5,3,4,12,4.2,Regular,6
991,428,1,173.48,2023-10-29,2023-10-29,173.48,1,1,1,3,1.0,Lost,7
992,257,8,1677.47,2024-04-17,2022-02-21,209.68375,2,3,3,8,2.5,At-Risk,3
993,7,13,2023.38,2024-12-23,2022-01-17,155.6446153846154,5,5,4,14,4.8,High-Value,1
994,83,6,1184.21,2024-10-08,2022-09-05,197.36833333333334,3,2,3,8,2.7,Regular,6
995,77,2,304.21000000000004,2024-10-14,2022-10-28,152.10500000000002,3,1,1,5,2.0,Regular,6
996,83,11,1722.5299999999997,2024-10-08,2022-02-17,156.59363636363634,3,4,3,10,3.3000000000000003,Regular,6
997,47,6,1720.6200000000003,2024-11-13,2022-02-23,286.77000000000004,4,2,3,9,3.2,Regular,6
998,576,2,1183.26,2023-06-03,2023-03-11,591.63,1,1,3,5,1.4000000000000001,Regular,6
999,19,17,2741.0099999999998,2024-12-11,2022-06-17,161.23588235294116,5,5,5,15,5.0,High-Value,1
1000,110,5,774.61,2024-09-11,2022-07-24,154.922,3,2,2,7,2.5,Regular,6
